keyword,search_volume,cpc,competition,competition_level,keyword_difficulty,seed
check mot test,823000,0.6,0.01,LOW,51,MOT test
mot test history,823000,3.47,0.01,LOW,28,MOT test
history of mot test,823000,3.47,0.01,LOW,28,MOT test
mot test check history,450000,1.19,0.02,LOW,28,MOT test
mot history test,450000,1.19,0.02,LOW,28,MOT test
council tax,368000,2.38,0.01,LOW,58,council tax
council tax and,368000,2.38,0.01,LOW,51,council tax
insurance car admiral,301000,9.48,0.39,MEDIUM,14,car insurance
admiral car insurance,301000,9.48,0.39,MEDIUM,14,car insurance
admiral company car insurance,301000,9.48,0.39,MEDIUM,33,car insurance
admiral insurance car,301000,9.48,0.39,MEDIUM,29,car insurance
admiral car insurance company,301000,9.48,0.39,MEDIUM,33,car insurance
car insurance admiral,301000,9.48,0.39,MEDIUM,26,car insurance
apprenticeship apprenticeship,246000,1.79,0.28,LOW,63,apprenticeship
apprenti apprenticeship,246000,1.79,0.28,LOW,63,apprenticeship
apprenticeship,246000,1.79,0.28,LOW,73,apprenticeship
tesco car insurance,135000,0.95,0.54,MEDIUM,15,car insurance
car insurance with tesco,135000,0.95,0.54,MEDIUM,8,car insurance
tesco insurance car,135000,0.95,0.54,MEDIUM,16,car insurance
insurance car tesco,135000,0.95,0.54,MEDIUM,8,car insurance
car insurance tesco,135000,0.95,0.54,MEDIUM,11,car insurance
mot test checker,135000,0.96,0.02,LOW,27,MOT test
mot test check,135000,0.96,0.02,LOW,37,MOT test
check my mot test,135000,0.96,0.02,LOW,27,MOT test
insurance for car check,110000,3.38,0.35,MEDIUM,17,car insurance
check car insurance,110000,3.38,0.35,MEDIUM,17,car insurance
insurance check for car,110000,3.38,0.35,MEDIUM,17,car insurance
check vehicle car insurance,110000,3.38,0.35,MEDIUM,16,car insurance
check a car for insurance,110000,3.38,0.35,MEDIUM,17,car insurance
insurance check car,110000,3.38,0.35,MEDIUM,53,car insurance
check insurance in car,110000,3.38,0.35,MEDIUM,17,car insurance
check for insurance on car,110000,3.38,0.35,MEDIUM,17,car insurance
car vehicle insurance check,110000,3.38,0.35,MEDIUM,32,car insurance
insurance on car check,110000,3.38,0.35,MEDIUM,17,car insurance
check for car insurance,110000,3.38,0.35,MEDIUM,17,car insurance
check insurance for car,110000,3.38,0.35,MEDIUM,17,car insurance
insurance car check,110000,3.38,0.35,MEDIUM,53,car insurance
check for insurance on a car,110000,3.38,0.35,MEDIUM,17,car insurance
check insurance on car,110000,3.38,0.35,MEDIUM,34,car insurance
check insurance car,110000,3.38,0.35,MEDIUM,17,car insurance
car check for insurance,110000,3.38,0.35,MEDIUM,17,car insurance
check for insurance car,110000,3.38,0.35,MEDIUM,17,car insurance
check car insurance on a vehicle,110000,3.38,0.35,MEDIUM,32,car insurance
car mot test,110000,0.63,0.04,LOW,58,MOT test
mot test near.me,110000,3.64,0.59,MEDIUM,53,MOT test
mot test for car,110000,0.63,0.04,LOW,58,MOT test
mot test for cars,110000,0.63,0.04,LOW,63,MOT test
car mot test check,110000,0.63,0.04,LOW,27,MOT test
when is my mot test due,110000,0.4,0.04,LOW,32,MOT test
mot test near me,110000,3.64,0.59,MEDIUM,53,MOT test
paying for council tax,90500,3.28,0,LOW,7,council tax
banding council tax,90500,8.76,0,LOW,12,council tax
council house tax bands,90500,8.76,0,LOW,33,council tax
banding of council tax,90500,8.76,0,LOW,12,council tax
banding for council tax,90500,8.76,0,LOW,12,council tax
pay tax council,90500,3.28,0,LOW,9,council tax
bands council tax,90500,8.76,0,LOW,12,council tax
payment council tax,90500,3.28,0,LOW,15,council tax
payment of council tax,90500,3.28,0,LOW,7,council tax
council tax pay,90500,3.28,0,LOW,11,council tax
council tax by band,90500,8.76,0,LOW,12,council tax
council tax banding,90500,8.76,0,LOW,28,council tax
council tax band,90500,8.76,0,LOW,35,council tax
band for council tax,90500,8.76,0,LOW,12,council tax
council pay tax,90500,3.28,0,LOW,16,council tax
bands for council tax,90500,8.76,0,LOW,12,council tax
payments for council tax,90500,3.28,0,LOW,15,council tax
tax bands council,90500,8.76,0,LOW,12,council tax
council tax bands,90500,8.76,0,LOW,12,council tax
council tax payment,90500,3.28,0,LOW,12,council tax
payments council tax,90500,3.28,0,LOW,8,council tax
council council tax bands,90500,8.76,0,LOW,12,council tax
band a council tax,90500,8.76,0,LOW,15,council tax
pay for council tax,90500,3.28,0,LOW,7,council tax
paying council tax,90500,3.28,0,LOW,7,council tax
council tax payments,90500,3.28,0,LOW,11,council tax
pay it council tax,90500,3.28,0,LOW,1,council tax
pay council tax,90500,3.28,0,LOW,7,council tax
aviva car insurance,90500,2.63,0.62,MEDIUM,22,car insurance
aviva insurance car insurance,90500,2.63,0.62,MEDIUM,22,car insurance
insurance car aviva,90500,2.63,0.62,MEDIUM,22,car insurance
car insurance aviva,90500,2.63,0.62,MEDIUM,22,car insurance
car insurance with aviva,90500,2.63,0.62,MEDIUM,22,car insurance
avova car insurance,90500,2.63,0.62,MEDIUM,,car insurance
aviva insurance car,90500,2.63,0.62,MEDIUM,22,car insurance
mot test halfords,90500,1.11,0.43,MEDIUM,22,MOT test
halfords mot test,90500,1.11,0.43,MEDIUM,12,MOT test
council tax login,74000,3.01,0,LOW,2,council tax
council tax band search,74000,8.36,0,LOW,28,council tax
search council tax band,74000,8.36,0,LOW,24,council tax
look up council tax band,74000,8.36,0,LOW,22,council tax
council tax bands checker,74000,8.36,0,LOW,35,council tax
find my council tax band,74000,8.36,0,LOW,29,council tax
search for council tax band,74000,8.36,0,LOW,30,council tax
check council tax bands,74000,8.36,0,LOW,18,council tax
council tax band finder,74000,8.36,0,LOW,26,council tax
login council tax,74000,3.01,0,LOW,8,council tax
council tax band check,74000,8.36,0,LOW,32,council tax
finding council tax band,74000,8.36,0,LOW,35,council tax
council tax band checker,74000,8.36,0,LOW,30,council tax
sign in council tax,74000,3.01,0,LOW,24,council tax
council tax log in,74000,3.01,0,LOW,7,council tax
log in council tax,74000,3.01,0,LOW,42,council tax
find council tax band,74000,8.36,0,LOW,30,council tax
council tax bands finder,74000,8.36,0,LOW,25,council tax
check council tax band,74000,8.36,0,LOW,22,council tax
check property council tax band,74000,8.36,0,LOW,35,council tax
find house band council tax,74000,8.36,0,LOW,35,council tax
is my car insurance,74000,2.03,0.02,LOW,39,car insurance
book an mot test in ni,74000,1.97,0.01,LOW,50,MOT test
book an mot test ni,74000,1.97,0.01,LOW,50,MOT test
book mot test ni,74000,1.97,0.01,LOW,50,MOT test
northern ireland mot test booking,74000,1.97,0.01,LOW,90,MOT test
book mot test northern ireland,74000,1.97,0.01,LOW,26,MOT test
mot test booking northern ireland,74000,1.97,0.01,LOW,56,MOT test
book mot test in ni,74000,1.97,0.01,LOW,50,MOT test
book an mot test in northern ireland,74000,1.97,0.01,LOW,51,MOT test
book car mot test northern ireland,74000,1.97,0.01,LOW,26,MOT test
ni mot test booking,74000,1.97,0.01,LOW,50,MOT test
book an mot test northern ireland,74000,1.97,0.01,LOW,50,MOT test
mot test ni booking,74000,1.97,0.01,LOW,50,MOT test
book a mot test in northern ireland,74000,1.97,0.01,LOW,50,MOT test
gov apprenticeship,74000,2.1,0.06,LOW,53,apprenticeship
government apprenticeship,74000,2.1,0.06,LOW,55,apprenticeship
cscs which card,74000,2.83,0.64,MEDIUM,29,CSCS card
cscs card,74000,2.83,0.64,MEDIUM,50,CSCS card
skip hire,60500,2.98,0.55,MEDIUM,24,skip hire
hire a skip,60500,2.98,0.55,MEDIUM,22,skip hire
hire of skip,60500,2.98,0.55,MEDIUM,24,skip hire
skip hire skip hire,60500,2.98,0.55,MEDIUM,24,skip hire
skip for hire,60500,2.98,0.55,MEDIUM,24,skip hire
hire of a skip,60500,2.98,0.55,MEDIUM,24,skip hire
skip to hire,60500,2.98,0.55,MEDIUM,24,skip hire
skip it hire,60500,2.98,0.55,MEDIUM,27,skip hire
hire skip,60500,2.98,0.55,MEDIUM,24,skip hire
victoria and liverpool car insurance,60500,3.82,0.54,MEDIUM,15,car insurance
lv victoria car insurance,60500,3.82,0.54,MEDIUM,3,car insurance
liverpool & victoria car insurance,60500,3.82,0.54,MEDIUM,32,car insurance
liverpool and victoria insurance car,60500,3.82,0.54,MEDIUM,15,car insurance
liverpool victoria insurance car,60500,3.82,0.54,MEDIUM,32,car insurance
car insurance liverpool victoria,60500,3.82,0.54,MEDIUM,32,car insurance
car insurance lv,60500,3.82,0.54,MEDIUM,3,car insurance
victoria liverpool car insurance,60500,3.82,0.54,MEDIUM,32,car insurance
liv victoria car insurance,60500,3.82,0.54,MEDIUM,6,car insurance
car insurance with lv,60500,3.82,0.54,MEDIUM,3,car insurance
lv car insurance,60500,3.82,0.54,MEDIUM,3,car insurance
liverpool victoria car insurance,60500,3.82,0.54,MEDIUM,32,car insurance
liverpool lv car insurance,60500,3.82,0.54,MEDIUM,17,car insurance
lv insurance car,60500,3.82,0.54,MEDIUM,3,car insurance
liverpool and victoria car insurance,60500,3.82,0.54,MEDIUM,15,car insurance
l v car insurance,60500,3.82,0.54,MEDIUM,17,car insurance
car insurance liverpool and victoria,60500,3.82,0.54,MEDIUM,19,car insurance
tax return self assessment,60500,6.76,0.12,LOW,34,tax return
file a self assessment tax return,60500,6.76,0.12,LOW,33,tax return
tax and return,60500,3.76,0.21,LOW,33,tax return
tax return for self assessment,60500,6.76,0.12,LOW,38,tax return
return tax,60500,3.76,0.21,LOW,45,tax return
tax return,60500,3.76,0.21,LOW,52,tax return
self assessment and tax return,60500,6.76,0.12,LOW,35,tax return
filing a self assessment tax return,60500,6.76,0.12,LOW,33,tax return
self-assessed tax return,60500,6.76,0.12,LOW,38,tax return
file self assessment tax return,60500,6.76,0.12,LOW,33,tax return
tax return return,60500,3.76,0.21,LOW,34,tax return
tax self assessment tax return,60500,6.76,0.12,LOW,38,tax return
self-assessment tax return,60500,6.76,0.12,LOW,38,tax return
tax return and self assessment,60500,6.76,0.12,LOW,34,tax return
tax self assessment return,60500,6.76,0.12,LOW,38,tax return
tax on tax return,60500,3.76,0.21,LOW,52,tax return
self assessment for tax return,60500,6.76,0.12,LOW,44,tax return
filing self assessment tax return,60500,6.76,0.12,LOW,33,tax return
self assessment tax return,60500,6.76,0.12,LOW,38,tax return
tax and tax return,60500,3.76,0.21,LOW,48,tax return
self assessed tax return,60500,6.76,0.12,LOW,38,tax return
physiotherapy closest to me,60500,3.14,0.44,MEDIUM,26,physiotherapy
physiotherapy close to me,60500,3.14,0.44,MEDIUM,23,physiotherapy
apprenticeship uk gov,60500,1.82,0.09,LOW,62,apprenticeship
uk.gov apprenticeship,60500,1.82,0.09,LOW,62,apprenticeship
uk gov apprenticeship,60500,1.82,0.09,LOW,59,apprenticeship
apprenticeship uk government,60500,1.82,0.09,LOW,54,apprenticeship
church hill car insurance,49500,9.43,0.42,MEDIUM,11,car insurance
churchill car insurance,49500,9.43,0.42,MEDIUM,11,car insurance
car insurance how to check,49500,3.62,0.46,MEDIUM,18,car insurance
car insurance check,49500,3.62,0.46,MEDIUM,54,car insurance
car insurance checks,49500,3.62,0.46,MEDIUM,17,car insurance
churchill insurance car,49500,9.43,0.42,MEDIUM,11,car insurance
churchill's car insurance,49500,9.43,0.42,MEDIUM,9,car insurance
pension calculator,49500,2.23,0.32,LOW,27,pension calculator
calculator pension,49500,2.23,0.32,LOW,41,pension calculator
calculator for pension,49500,2.23,0.32,LOW,41,pension calculator
pension scheme calculator,49500,2.23,0.32,LOW,32,pension calculator
pension pension calculator,49500,2.23,0.32,LOW,32,pension calculator
mot test login,49500,1.64,0,LOW,23,MOT test
mot test centre near me,49500,3.03,0.58,MEDIUM,49,MOT test
mot test centres near me,49500,3.03,0.58,MEDIUM,44,MOT test
mot test station near me,49500,3.03,0.58,MEDIUM,30,MOT test
mot test log in,49500,1.64,0,LOW,27,MOT test
mot test stations near me,49500,3.03,0.58,MEDIUM,30,MOT test
car insurance tesco log in,40500,2.78,0.01,LOW,0,car insurance
car insurance tesco login,40500,2.78,0.01,LOW,7,car insurance
tesco car insurance login,40500,2.78,0.01,LOW,7,car insurance
allianz company car insurance,40500,4.16,0.54,MEDIUM,32,car insurance
admiral car insurance phone number,40500,28.37,0.21,LOW,22,car insurance
aa car insurance,40500,2.67,0.63,MEDIUM,23,car insurance
allianz insurance car,40500,4.16,0.54,MEDIUM,13,car insurance
allianz car insurance company,40500,4.16,0.54,MEDIUM,4,car insurance
car insurance a a,40500,2.67,0.63,MEDIUM,,car insurance
insurance car aa,40500,2.67,0.63,MEDIUM,23,car insurance
car insurance first central,40500,3.57,0.41,MEDIUM,6,car insurance
automobile association car insurance,40500,2.67,0.63,MEDIUM,23,car insurance
central 1st car insurance,40500,3.57,0.41,MEDIUM,0,car insurance
car insurance 1st central,40500,3.57,0.41,MEDIUM,0,car insurance
1st car insurance,40500,3.57,0.41,MEDIUM,11,car insurance
tesco car insurance log in,40500,2.78,0.01,LOW,8,car insurance
one central car insurance,40500,3.57,0.41,MEDIUM,0,car insurance
1st car central insurance,40500,3.57,0.41,MEDIUM,8,car insurance
1 central car insurance,40500,3.57,0.41,MEDIUM,6,car insurance
tesco insurance car login,40500,2.78,0.01,LOW,11,car insurance
allianz car insurance,40500,4.16,0.54,MEDIUM,24,car insurance
insurance car allianz,40500,4.16,0.54,MEDIUM,24,car insurance
a a car insurance,40500,2.67,0.63,MEDIUM,23,car insurance
1st central car insurance,40500,3.57,0.41,MEDIUM,0,car insurance
car insurance aa,40500,2.67,0.63,MEDIUM,23,car insurance
automobile association driving lessons,40500,1.96,0.11,LOW,20,driving lessons
driving lessons aa,40500,1.96,0.11,LOW,20,driving lessons
driving lessons with aa,40500,1.96,0.11,LOW,17,driving lessons
book mot test,40500,6.8,0.41,MEDIUM,51,MOT test
booking mot test,40500,6.8,0.41,MEDIUM,52,MOT test
mot test booking,40500,6.8,0.41,MEDIUM,49,MOT test
mot test book,40500,6.8,0.41,MEDIUM,49,MOT test
booking an mot test,40500,6.8,0.41,MEDIUM,49,MOT test
book an mot test,40500,6.8,0.41,MEDIUM,49,MOT test
live timetable bus,40500,0.41,0,LOW,39,bus timetable
apprenticeship with a degree,40500,1.75,0.39,MEDIUM,23,apprenticeship
apprenticeship degrees,40500,1.75,0.39,MEDIUM,36,apprenticeship
apprenticeship with university degree,40500,1.75,0.39,MEDIUM,43,apprenticeship
apprenticeship degree,40500,1.75,0.39,MEDIUM,23,apprenticeship
apprenticeship and degree,40500,1.75,0.39,MEDIUM,28,apprenticeship
apprenticeship with degree,40500,1.75,0.39,MEDIUM,23,apprenticeship
apprenticeship university degree,40500,1.75,0.39,MEDIUM,33,apprenticeship
degree and apprenticeship,40500,1.75,0.39,MEDIUM,28,apprenticeship
council tax payment online,33100,5.67,0,LOW,4,council tax
pay online council tax,33100,5.67,0,LOW,5,council tax
council tax payments online,33100,5.67,0,LOW,2,council tax
pay council tax online,33100,5.67,0,LOW,0,council tax
online payment council tax,33100,5.67,0,LOW,0,council tax
paying council tax online,33100,5.67,0,LOW,5,council tax
council tax pay online,33100,5.67,0,LOW,13,council tax
pay tax council online,33100,5.67,0,LOW,2,council tax
payment council tax online,33100,5.67,0,LOW,0,council tax
pay it online council tax,33100,5.67,0,LOW,2,council tax
pay for council tax online,33100,5.67,0,LOW,2,council tax
deals for bt broadband,33100,1.52,0.62,MEDIUM,6,broadband deals
bt broadband deals,33100,1.52,0.62,MEDIUM,6,broadband deals
ee broadband only deals,33100,1.49,0.6,MEDIUM,9,broadband deals
b t broadband deals,33100,1.52,0.62,MEDIUM,6,broadband deals
british telecom broadband deals,33100,1.52,0.62,MEDIUM,11,broadband deals
ee broadband deals,33100,1.49,0.6,MEDIUM,30,broadband deals
ee broadband deals uk,33100,1.49,0.6,MEDIUM,21,broadband deals
bt broadband internet deals,33100,1.52,0.62,MEDIUM,6,broadband deals
deals with bt broadband,33100,1.52,0.62,MEDIUM,22,broadband deals
ee broadband: only deals,33100,1.49,0.6,MEDIUM,29,broadband deals
admiral contact number car insurance,33100,26.11,0.2,LOW,22,car insurance
telephone number for admiral car insurance,33100,26.11,0.2,LOW,18,car insurance
contact number for admiral car insurance,33100,26.11,0.2,LOW,22,car insurance
car insurance in hastings,33100,6.93,0.6,MEDIUM,12,car insurance
hastings car insurance,33100,6.93,0.6,MEDIUM,12,car insurance
admiral car insurance contact number,33100,26.11,0.2,LOW,22,car insurance
phone number for admiral car insurance,33100,26.11,0.2,LOW,20,car insurance
admiral car insurance telephone number,33100,26.11,0.2,LOW,12,car insurance
admiral car insurance login,33100,2.67,0,LOW,26,car insurance
car insurance admiral contact number,33100,26.11,0.2,LOW,22,car insurance
phone number admiral car insurance,33100,26.11,0.2,LOW,22,car insurance
car insurance admiral phone number,33100,26.11,0.2,LOW,22,car insurance
admiral phone number car insurance,33100,26.11,0.2,LOW,22,car insurance
driving lessons,33100,2.11,0.57,MEDIUM,52,driving lessons
lessons driving,33100,2.11,0.57,MEDIUM,26,driving lessons
mot test,33100,3.68,0.26,LOW,58,MOT test
test mot,33100,3.68,0.26,LOW,58,MOT test
mot tester test,33100,3.68,0.26,LOW,5,MOT test
timetable arriva bus,33100,0.04,0.07,LOW,54,bus timetable
bus arriva timetable,33100,0.04,0.07,LOW,27,bus timetable
arriva a bus timetable,33100,0.04,0.07,LOW,20,bus timetable
council tax finder,27100,0,0,LOW,33,council tax
council tax and benefits,27100,2.4,0.01,LOW,22,council tax
council tax check,27100,0,0,LOW,52,council tax
check council tax,27100,0,0,LOW,35,council tax
council tax assistance,27100,2.4,0.01,LOW,24,council tax
council tax benefits,27100,2.4,0.01,LOW,15,council tax
council tax claim,27100,2.4,0.01,LOW,17,council tax
council tax rebate uk,27100,2.4,0.01,LOW,27,council tax
council tax benefit uk,27100,2.4,0.01,LOW,28,council tax
council tax checker,27100,0,0,LOW,26,council tax
council tax reduction,27100,2.4,0.01,LOW,24,council tax
council tax reduction uk,27100,2.4,0.01,LOW,8,council tax
council tax credit,27100,2.4,0.01,LOW,24,council tax
council tax rebates uk,27100,2.4,0.01,LOW,27,council tax
council tax benefit,27100,2.4,0.01,LOW,30,council tax
dvla mot test history,27100,1.32,0.01,LOW,15,MOT test
vehicle mot test,27100,0.65,0.02,LOW,61,MOT test
bus schedule timetable,27100,0.32,0.02,LOW,67,bus timetable
timetable for bus,27100,0.32,0.02,LOW,43,bus timetable
bus a timetable,27100,0.32,0.02,LOW,43,bus timetable
first bus timetable,27100,0.37,0,LOW,46,bus timetable
lrt bus timetable,27100,0,0,LOW,34,bus timetable
first direct bus timetable,27100,0.37,0,LOW,50,bus timetable
bus bus timetable,27100,0.32,0.02,LOW,43,bus timetable
bus timetable,27100,0.32,0.02,LOW,43,bus timetable
lothian bus timetable,27100,0,0,LOW,15,bus timetable
bus timetable first bus,27100,0.37,0,LOW,46,bus timetable
bus times timetable,27100,0.32,0.02,LOW,43,bus timetable
timetable bus,27100,0.32,0.02,LOW,43,bus timetable
firstgroup bus timetable,27100,0.37,0,LOW,42,bus timetable
finding an apprenticeship,27100,2.28,0.07,LOW,49,apprenticeship
find and apprenticeship,27100,2.28,0.07,LOW,49,apprenticeship
find apprenticeship,27100,2.28,0.07,LOW,50,apprenticeship
find an apprenticeship,27100,2.28,0.07,LOW,49,apprenticeship
energy bill,22200,9.24,0.39,MEDIUM,29,energy bill
driving lessons near.me,22200,2.14,0.58,MEDIUM,51,driving lessons
driving instructor lessons near me,22200,2.14,0.58,MEDIUM,66,driving lessons
driving lessons near me,22200,2.14,0.58,MEDIUM,51,driving lessons
how long does mot test take,22200,2.59,0.01,LOW,0,MOT test
motorbike mot test near me,22200,0.95,0.17,LOW,21,MOT test
how long does an mot test take,22200,2.59,0.01,LOW,6,MOT test
mot test due date,22200,0.68,0.02,LOW,32,MOT test
apprenticeship wages,22200,0.8,0.04,LOW,25,apprenticeship
nhs apprenticeship,22200,1.35,0.05,LOW,9,apprenticeship
apprenticeship wage,22200,0.8,0.04,LOW,37,apprenticeship
wage for apprenticeship,22200,0.8,0.04,LOW,37,apprenticeship
apprenticeship rates of pay,22200,0.8,0.04,LOW,11,apprenticeship
wages for apprenticeship,22200,0.8,0.04,LOW,37,apprenticeship
apprenticeship rate of pay,22200,0.8,0.04,LOW,18,apprenticeship
apprenticeship pay rates,22200,0.8,0.04,LOW,11,apprenticeship
wages apprenticeship,22200,0.8,0.04,LOW,37,apprenticeship
wage apprenticeship,22200,0.8,0.04,LOW,37,apprenticeship
check for cscs card,22200,0.88,0.17,LOW,56,CSCS card
cscs card checker,22200,0.88,0.17,LOW,50,CSCS card
cscs card check,22200,0.88,0.17,LOW,56,CSCS card
card checker cscs,22200,0.88,0.17,LOW,33,CSCS card
check cscs card,22200,0.88,0.17,LOW,56,CSCS card
hot tub time machine,22200,0.18,0,LOW,22,hot tub
hot tub time machine 2010,22200,0.18,0,LOW,21,hot tub
council tax glasgow,18100,3.07,0,LOW,0,council tax
council tax glasgow city council,18100,3.07,0,LOW,13,council tax
glasgow city council tax,18100,3.07,0,LOW,13,council tax
glasgow council tax,18100,3.07,0,LOW,0,council tax
british gas service boiler,18100,3.66,0.63,MEDIUM,33,boiler service
boiler service by british gas,18100,3.66,0.63,MEDIUM,19,boiler service
gas boiler service british gas,18100,3.66,0.63,MEDIUM,15,boiler service
boiler service british gas,18100,3.66,0.63,MEDIUM,7,boiler service
british gas boiler maintenance service,18100,3.66,0.63,MEDIUM,19,boiler service
service boiler british gas,18100,3.66,0.63,MEDIUM,19,boiler service
british gas boiler service,18100,3.66,0.63,MEDIUM,19,boiler service
british gas gas boiler service,18100,3.66,0.63,MEDIUM,19,boiler service
boiler service with british gas,18100,3.66,0.63,MEDIUM,15,boiler service
hm revenue and customs tax return,18100,3.2,0.09,LOW,34,tax return
tax return hmrc,18100,3.2,0.09,LOW,55,tax return
hm revenue tax return,18100,3.2,0.09,LOW,35,tax return
revenue and customs tax return,18100,3.2,0.09,LOW,34,tax return
hmrc tax return,18100,3.2,0.09,LOW,70,tax return
hm revenue customs tax return,18100,3.2,0.09,LOW,45,tax return
hm and revenue tax return,18100,3.2,0.09,LOW,70,tax return
state pension calculator england,18100,2.15,0.03,LOW,47,pension calculator
uk state pension calculator,18100,2.15,0.03,LOW,47,pension calculator
british state pension calculator,18100,2.15,0.03,LOW,47,pension calculator
state pension calculator uk,18100,2.15,0.03,LOW,44,pension calculator
state pension in uk calculator,18100,2.15,0.03,LOW,41,pension calculator
hearing test boots,18100,2.9,0.63,MEDIUM,29,hearing test
hearing test specsavers,18100,4.82,0.49,MEDIUM,0,hearing test
hearing test at specsavers,18100,4.82,0.49,MEDIUM,0,hearing test
boots hearing test,18100,2.9,0.63,MEDIUM,29,hearing test
hearing test in specsavers,18100,4.82,0.49,MEDIUM,0,hearing test
specsavers hearing test,18100,4.82,0.49,MEDIUM,0,hearing test
hearing test at boots,18100,2.9,0.63,MEDIUM,47,hearing test
timetable for stagecoach bus,18100,0.53,0.01,LOW,62,bus timetable
bus timetable for x1,18100,0.67,0,LOW,0,bus timetable
transport for london bus timetable,18100,0.32,0,LOW,72,bus timetable
x1 bus timetable,18100,0.67,0,LOW,0,bus timetable
stagecoach bus timetable,18100,0.53,0.01,LOW,61,bus timetable
bus x1 timetable,18100,0.67,0,LOW,0,bus timetable
bus timetable x1,18100,0.67,0,LOW,0,bus timetable
cscs card test mock,18100,0.42,0.36,MEDIUM,0,CSCS card
cscs card mock exam,18100,0.42,0.36,MEDIUM,0,CSCS card
cscs card mock test,18100,0.42,0.36,MEDIUM,0,CSCS card
what's my council tax band,14800,0,0,LOW,27,council tax
edinburgh council council tax,14800,3.1,0,LOW,19,council tax
council tax band c,14800,0,0,LOW,16,council tax
what is my council tax band,14800,0,0,LOW,27,council tax
council tax in edinburgh,14800,3.1,0,LOW,18,council tax
what band is my council tax,14800,0,0,LOW,22,council tax
what my council tax band,14800,0,0,LOW,26,council tax
what banding is my council tax,14800,0,0,LOW,28,council tax
edinburgh city council tax,14800,3.1,0,LOW,3,council tax
c council tax band,14800,0,0,LOW,21,council tax
council tax for band c,14800,0,0,LOW,18,council tax
edinburgh council tax,14800,3.1,0,LOW,18,council tax
council tax bands c,14800,0,0,LOW,26,council tax
council tax edinburgh,14800,3.1,0,LOW,39,council tax
council tax band charges,14800,0,0,LOW,13,council tax
pay my council tax,14800,2.88,0,LOW,1,council tax
pay your council tax,14800,2.88,0,LOW,2,council tax
band c council tax per month,14800,0,0,LOW,13,council tax
what is my band for council tax,14800,0,0,LOW,26,council tax
band c council tax,14800,0,0,LOW,15,council tax
british pension calculator,14800,1.95,0.4,MEDIUM,47,pension calculator
state pension age calculator,14800,2.39,0.01,LOW,43,pension calculator
state age pension calculator,14800,2.39,0.01,LOW,43,pension calculator
calculator for state pension age,14800,2.39,0.01,LOW,43,pension calculator
age calculator for state pension,14800,2.39,0.01,LOW,43,pension calculator
state pension calculator age,14800,2.39,0.01,LOW,43,pension calculator
calculator for pension credit,14800,2.84,0.03,LOW,24,pension calculator
pension scheme uk calculator,14800,1.95,0.4,MEDIUM,32,pension calculator
pension uk calculator,14800,1.95,0.4,MEDIUM,30,pension calculator
pension plan uk calculator,14800,1.95,0.4,MEDIUM,36,pension calculator
pension credit calculator,14800,2.84,0.03,LOW,29,pension calculator
uk state pension age calculator,14800,2.39,0.01,LOW,35,pension calculator
uk pension age calculator,14800,2.39,0.01,LOW,38,pension calculator
credit pension calculator,14800,2.84,0.03,LOW,29,pension calculator
pension planning calculator uk,14800,1.95,0.4,MEDIUM,26,pension calculator
uk pension calculator,14800,1.95,0.4,MEDIUM,32,pension calculator
uk pension scheme calculator,14800,1.95,0.4,MEDIUM,37,pension calculator
pension credits calculator,14800,2.84,0.03,LOW,28,pension calculator
pension calculator uk,14800,1.95,0.4,MEDIUM,26,pension calculator
pension scheme calculator uk,14800,1.95,0.4,MEDIUM,32,pension calculator
pension calculator in uk,14800,1.95,0.4,MEDIUM,32,pension calculator
pension plan calculator uk,14800,1.95,0.4,MEDIUM,34,pension calculator
uk age pension calculator,14800,2.39,0.01,LOW,38,pension calculator
auto driving lessons,14800,1.8,0.53,MEDIUM,36,driving lessons
driving lessons for automatic,14800,1.8,0.53,MEDIUM,14,driving lessons
bill plant driving lessons,14800,0.67,0.37,MEDIUM,20,driving lessons
automatic driving lessons,14800,1.8,0.53,MEDIUM,14,driving lessons
driving automatic lessons,14800,1.8,0.53,MEDIUM,14,driving lessons
mot test centre,14800,3.44,0.31,LOW,44,MOT test
mot test centres,14800,3.44,0.31,LOW,44,MOT test
mot test due,14800,1.57,0.02,LOW,51,MOT test
apprenticeship bbc,14800,2.63,0,LOW,24,apprenticeship
electrician apprenticeship,14800,4.07,0.55,MEDIUM,5,apprenticeship
apprenticeship with bbc,14800,2.63,0,LOW,24,apprenticeship
engineering apprenticeship,14800,1.76,0.48,MEDIUM,12,apprenticeship
engineer apprenticeship,14800,1.76,0.48,MEDIUM,12,apprenticeship
council tax band b,12100,11.16,0,LOW,19,council tax
council tax how much a month,12100,0,0,LOW,25,council tax
band b council tax,12100,11.16,0,LOW,18,council tax
council tax band d,12100,0,0,LOW,15,council tax
single person council tax discount,12100,4.09,0,LOW,3,council tax
council tax discount single person,12100,4.09,0,LOW,0,council tax
council tax for band b,12100,11.16,0,LOW,20,council tax
council tax discount for single person,12100,4.09,0,LOW,0,council tax
council tax single person discount,12100,4.09,0,LOW,0,council tax
band d council tax,12100,0,0,LOW,12,council tax
council tax for band d,12100,0,0,LOW,16,council tax
how much is council tax a month,12100,0,0,LOW,13,council tax
bristol city council tax,12100,2.6,0,LOW,4,council tax
register for council tax,12100,2.43,0.01,LOW,13,council tax
council tax bristol,12100,2.6,0,LOW,0,council tax
london borough of tower hamlets council tax,12100,2.9,0,LOW,8,council tax
council tax bands d,12100,0,0,LOW,22,council tax
hounslow council tax,12100,3.41,0,LOW,17,council tax
tower hamlets council tax,12100,2.9,0,LOW,22,council tax
council tax hounslow,12100,3.41,0,LOW,0,council tax
council tax registration,12100,2.43,0.01,LOW,16,council tax
how much council tax a month,12100,0,0,LOW,30,council tax
council tax for tower hamlets,12100,2.9,0,LOW,22,council tax
hounslow borough council tax,12100,3.41,0,LOW,10,council tax
how much is council tax monthly,12100,0,0,LOW,16,council tax
single persons discount council tax,12100,4.09,0,LOW,0,council tax
single person discount on council tax,12100,4.09,0,LOW,0,council tax
what council tax band am i,12100,2.9,0,LOW,16,council tax
bristol council tax,12100,2.6,0,LOW,3,council tax
registering council tax,12100,2.43,0.01,LOW,13,council tax
register council tax,12100,2.43,0.01,LOW,25,council tax
tower of hamlets council tax,12100,2.9,0,LOW,5,council tax
register with council tax,12100,2.43,0.01,LOW,13,council tax
register to council tax,12100,2.43,0.01,LOW,13,council tax
registration for council tax,12100,2.43,0.01,LOW,12,council tax
single person discount council tax,12100,4.09,0,LOW,0,council tax
council tax register,12100,2.43,0.01,LOW,41,council tax
single person occupancy council tax discount,12100,4.09,0,LOW,0,council tax
london borough of hounslow council tax,12100,3.41,0,LOW,8,council tax
registering for council tax,12100,2.43,0.01,LOW,13,council tax
council tax tower hamlets,12100,2.9,0,LOW,11,council tax
lbth council tax,12100,2.9,0,LOW,9,council tax
how much is monthly council tax,12100,0,0,LOW,24,council tax
what band council tax am i,12100,2.9,0,LOW,30,council tax
deals on virgin broadband,12100,2.4,0.5,MEDIUM,97,broadband deals
sky deals broadband and tv,12100,2.1,0.52,MEDIUM,34,broadband deals
broadband and tv deals sky,12100,2.1,0.52,MEDIUM,34,broadband deals
sky tv broadband deals,12100,2.1,0.52,MEDIUM,32,broadband deals
sky deals for broadband and tv,12100,2.1,0.52,MEDIUM,34,broadband deals
sky deals with broadband,12100,2.1,0.52,MEDIUM,22,broadband deals
broadband and sky tv deals,12100,2.1,0.52,MEDIUM,25,broadband deals
sky television and broadband deals,12100,2.1,0.52,MEDIUM,47,broadband deals
sky deals tv and broadband,12100,2.1,0.52,MEDIUM,36,broadband deals
sky tv deals broadband,12100,2.1,0.52,MEDIUM,25,broadband deals
broadband and sky deals,12100,2.1,0.52,MEDIUM,27,broadband deals
sky tv deals with broadband,12100,2.1,0.52,MEDIUM,25,broadband deals
sky uk broadband deals,12100,2.1,0.52,MEDIUM,31,broadband deals
broadband deals sky,12100,2.1,0.52,MEDIUM,22,broadband deals
virgin broadband deals,12100,2.4,0.5,MEDIUM,97,broadband deals
sky t v and broadband deals,12100,2.1,0.52,MEDIUM,39,broadband deals
broadband deals with sky,12100,2.1,0.52,MEDIUM,22,broadband deals
tv and broadband deals sky,12100,2.1,0.52,MEDIUM,34,broadband deals
sky deals broadband,12100,2.1,0.52,MEDIUM,22,broadband deals
sky and broadband deals,12100,2.1,0.52,MEDIUM,27,broadband deals
sky deals on tv and broadband,12100,2.1,0.52,MEDIUM,34,broadband deals
sky deals for tv and broadband,12100,2.1,0.52,MEDIUM,34,broadband deals
sky tv and broadband deals,12100,2.1,0.52,MEDIUM,34,broadband deals
service boiler near me,12100,5.68,0.56,MEDIUM,30,boiler service
boiler service near me,12100,5.68,0.56,MEDIUM,30,boiler service
log in for self assessment tax return,12100,7.25,0.01,LOW,42,tax return
uk income tax return,12100,3.11,0.25,LOW,40,tax return
british tax return,12100,3.11,0.25,LOW,28,tax return
uk tax return,12100,3.11,0.25,LOW,70,tax return
tax return in the uk,12100,3.11,0.25,LOW,30,tax return
tax return login,12100,2.77,0.01,LOW,82,tax return
tax return from uk,12100,3.11,0.25,LOW,34,tax return
log in tax return,12100,2.77,0.01,LOW,80,tax return
tax return in england,12100,3.11,0.25,LOW,,tax return
tax return log in,12100,2.77,0.01,LOW,80,tax return
tax return in uk,12100,3.11,0.25,LOW,34,tax return
sign in self assessment tax return,12100,7.25,0.01,LOW,37,tax return
self assessment tax return login,12100,7.25,0.01,LOW,55,tax return
sign in to self assessment tax return,12100,7.25,0.01,LOW,37,tax return
login for self assessment tax return,12100,7.25,0.01,LOW,55,tax return
tax return uk,12100,3.11,0.25,LOW,34,tax return
self assessment tax return log in,12100,7.25,0.01,LOW,55,tax return
tax uk return,12100,3.11,0.25,LOW,34,tax return
self assessment tax return uk login,12100,7.25,0.01,LOW,52,tax return
dentist near me private,12100,5.54,0.59,MEDIUM,54,private dentist
a a driving lessons,12100,1.94,0.14,LOW,26,driving lessons
aa driving lessons,12100,1.94,0.14,LOW,17,driving lessons
cost mot test,12100,1.61,0.28,LOW,39,MOT test
mot test date check,12100,0.49,0.04,LOW,33,MOT test
cost of mot test,12100,1.61,0.28,LOW,39,MOT test
mot test costs,12100,1.61,0.28,LOW,39,MOT test
how much is mot test,12100,1.54,0.16,LOW,39,MOT test
change mot test northern ireland,12100,1.23,0,LOW,21,MOT test
change mot test ni,12100,1.23,0,LOW,15,MOT test
how much is the mot test,12100,1.54,0.16,LOW,21,MOT test
mot test cost,12100,1.61,0.28,LOW,39,MOT test
mot test certificate,12100,1.57,0.03,LOW,58,MOT test
cost of an mot test,12100,1.61,0.28,LOW,16,MOT test
mot test kwik fit,12100,1.41,0.54,MEDIUM,50,MOT test
price of mot test,12100,1.61,0.28,LOW,20,MOT test
how much for mot test,12100,1.54,0.16,LOW,13,MOT test
how much mot test,12100,1.54,0.16,LOW,18,MOT test
stagecoach a bus timetable,12100,0.35,0.01,LOW,51,bus timetable
apprenticeship gov,12100,1.84,0.04,LOW,66,apprenticeship
apprenticeship plumbers,12100,4.73,0.47,MEDIUM,0,apprenticeship
apprenticeship london,12100,1.86,0.44,MEDIUM,28,apprenticeship
minimum wage for apprenticeship,12100,0.86,0.03,LOW,19,apprenticeship
apprenticeship plumbing,12100,4.73,0.47,MEDIUM,0,apprenticeship
plumber apprenticeship,12100,4.73,0.47,MEDIUM,0,apprenticeship
plumbers apprenticeship,12100,4.73,0.47,MEDIUM,0,apprenticeship
apprenticeship minimum wage,12100,0.86,0.03,LOW,24,apprenticeship
minimum wage apprenticeship,12100,0.86,0.03,LOW,16,apprenticeship
apprenticeship in plumbing,12100,4.73,0.47,MEDIUM,0,apprenticeship
plumbing apprenticeship,12100,4.73,0.47,MEDIUM,0,apprenticeship
apprenticeship for plumbing,12100,4.73,0.47,MEDIUM,0,apprenticeship
change address for council tax,9900,2.04,0.17,LOW,7,council tax
telephone number for council tax,9900,2.56,0,LOW,12,council tax
changing council tax address,9900,2.04,0.17,LOW,7,council tax
changing address council tax,9900,2.04,0.17,LOW,7,council tax
council tax band a,9900,7.9,0,LOW,12,council tax
council tax leeds city council,9900,3.29,0,LOW,17,council tax
council tax lambeth,9900,2.32,0,LOW,0,council tax
ealing council tax,9900,4.26,0,LOW,12,council tax
bradford city council tax,9900,2.68,0.01,LOW,7,council tax
london borough of croydon council tax,9900,2.38,0,LOW,10,council tax
london borough of lambeth council tax,9900,2.32,0,LOW,6,council tax
lambeth council council tax,9900,2.32,0,LOW,0,council tax
manchester city council council tax,9900,3.27,0,LOW,3,council tax
ealing borough council tax,9900,4.26,0,LOW,0,council tax
croydon council tax,9900,2.38,0,LOW,10,council tax
council tax phone number,9900,2.56,0,LOW,27,council tax
leeds council tax,9900,3.29,0,LOW,11,council tax
london borough of ealing council tax,9900,4.26,0,LOW,7,council tax
council tax lewisham,9900,2.67,0,LOW,14,council tax
council tax croydon,9900,2.38,0,LOW,10,council tax
ealing council council tax,9900,4.26,0,LOW,16,council tax
liverpool council tax,9900,2.87,0,LOW,3,council tax
contact number council tax,9900,4.45,0,LOW,52,council tax
council tax address change,9900,2.04,0.17,LOW,7,council tax
bradford city council council tax,9900,2.68,0.01,LOW,7,council tax
council tax ealing council,9900,4.26,0,LOW,7,council tax
council tax band and prices,9900,7.35,0,LOW,31,council tax
check your council tax band,9900,0,0,LOW,35,council tax
liverpool council council tax,9900,2.87,0,LOW,3,council tax
council tax account,9900,2.92,0,LOW,7,council tax
council tax manchester city council,9900,3.27,0,LOW,0,council tax
bradford council council tax,9900,2.68,0.01,LOW,0,council tax
council tax band cost,9900,7.35,0,LOW,17,council tax
prices for council tax bands,9900,7.35,0,LOW,29,council tax
council tax for croydon,9900,2.38,0,LOW,10,council tax
council tax support,9900,4.8,0.17,LOW,6,council tax
check my council tax band,9900,0,0,LOW,35,council tax
council tax banding prices,9900,7.35,0,LOW,23,council tax
council tax bands prices,9900,7.35,0,LOW,16,council tax
prices of council tax bands,9900,7.35,0,LOW,19,council tax
council tax telephone number,9900,2.56,0,LOW,16,council tax
band council tax prices,9900,7.35,0,LOW,22,council tax
croydon council council tax,9900,2.38,0,LOW,10,council tax
cost of band a council tax,9900,7.35,0,LOW,20,council tax
change address on council tax,9900,2.04,0.17,LOW,7,council tax
change of address council tax,9900,2.04,0.17,LOW,4,council tax
council tax band a cost,9900,7.35,0,LOW,12,council tax
change council tax address,9900,2.04,0.17,LOW,12,council tax
council tax banding cost,9900,7.35,0,LOW,21,council tax
band a council tax cost,9900,7.35,0,LOW,20,council tax
change address with council tax,9900,2.04,0.17,LOW,7,council tax
council tax bands costs,9900,7.35,0,LOW,18,council tax
council tax newham,9900,1.92,0,LOW,19,council tax
council tax bands price,9900,7.35,0,LOW,32,council tax
newham council council tax,9900,1.92,0,LOW,25,council tax
changing address for council tax,9900,2.04,0.17,LOW,7,council tax
london borough of lewisham council tax,9900,2.67,0,LOW,22,council tax
changing address with council tax,9900,2.04,0.17,LOW,7,council tax
account council tax,9900,2.92,0,LOW,22,council tax
council tax change address,9900,2.04,0.17,LOW,7,council tax
change of address for council tax,9900,2.04,0.17,LOW,7,council tax
phone number for council tax,9900,2.56,0,LOW,25,council tax
manchester council tax,9900,3.27,0,LOW,12,council tax
lb lewisham council tax,9900,2.67,0,LOW,22,council tax
change council tax details,9900,2.04,0.17,LOW,5,council tax
council tax number contact,9900,4.45,0,LOW,,council tax
manchester city council tax,9900,3.27,0,LOW,0,council tax
newham borough council tax,9900,1.92,0,LOW,26,council tax
council tax bands and prices,9900,7.35,0,LOW,12,council tax
council tax band a price,9900,7.35,0,LOW,13,council tax
lb ealing council tax,9900,4.26,0,LOW,7,council tax
leeds city council council tax,9900,3.29,0,LOW,17,council tax
council tax bradford,9900,2.68,0.01,LOW,0,council tax
phone number council tax,9900,2.56,0,LOW,27,council tax
council tax bands a,9900,7.9,0,LOW,23,council tax
lambeth council tax,9900,2.32,0,LOW,4,council tax
band a council tax price,9900,7.35,0,LOW,24,council tax
leeds city council tax,9900,3.29,0,LOW,19,council tax
check my council tax bands,9900,0,0,LOW,24,council tax
council tax croydon council,9900,2.38,0,LOW,31,council tax
contact number for council tax,9900,4.45,0,LOW,1,council tax
council tax ealing,9900,4.26,0,LOW,4,council tax
council tax change of address,9900,2.04,0.17,LOW,7,council tax
newham council tax,9900,1.92,0,LOW,28,council tax
council tax band prices,9900,7.35,0,LOW,16,council tax
contact council tax number,9900,4.45,0,LOW,36,council tax
bradford council tax,9900,2.68,0.01,LOW,0,council tax
council tax liverpool,9900,2.87,0,LOW,4,council tax
council tax contact number,9900,4.45,0,LOW,36,council tax
lewisham council tax,9900,2.67,0,LOW,22,council tax
council tax band costs,9900,7.35,0,LOW,10,council tax
council tax bands charges,9900,7.35,0,LOW,13,council tax
council tax bands cost,9900,7.35,0,LOW,20,council tax
change address council tax,9900,2.04,0.17,LOW,7,council tax
best broadband deals and tv,9900,4.15,0.59,MEDIUM,38,broadband deals
tv and broadband best deals,9900,4.15,0.59,MEDIUM,38,broadband deals
best deals for broadband and phone,9900,3.12,0.41,MEDIUM,55,broadband deals
broadband and phone best deals,9900,3.12,0.41,MEDIUM,55,broadband deals
best home broadband and phone deals,9900,3.12,0.41,MEDIUM,39,broadband deals
best deals for phone and broadband,9900,3.12,0.41,MEDIUM,55,broadband deals
best broadband & phone deals,9900,3.12,0.41,MEDIUM,33,broadband deals
best tv broadband tv deals,9900,4.15,0.59,MEDIUM,41,broadband deals
telephone/broadband best deals,9900,3.12,0.41,MEDIUM,56,broadband deals
best deals on broadband and tv packages,9900,4.15,0.59,MEDIUM,40,broadband deals
best deals landline and broadband,9900,3.12,0.41,MEDIUM,55,broadband deals
best deals on home phone and broadband,9900,3.12,0.41,MEDIUM,20,broadband deals
best landline and broadband deals,9900,3.12,0.41,MEDIUM,17,broadband deals
best broadband telephone deals,9900,3.12,0.41,MEDIUM,56,broadband deals
best telephone and broadband deals,9900,3.12,0.41,MEDIUM,57,broadband deals
best deals for telephone and broadband,9900,3.12,0.41,MEDIUM,33,broadband deals
best tv and broadband deals,9900,4.15,0.59,MEDIUM,38,broadband deals
best broadband deals with tv,9900,4.15,0.59,MEDIUM,41,broadband deals
best deals for tv and broadband,9900,4.15,0.59,MEDIUM,38,broadband deals
broadband and tv best deals,9900,4.15,0.59,MEDIUM,38,broadband deals
best deals phone and broadband,9900,3.12,0.41,MEDIUM,55,broadband deals
best tv broadband deals,9900,4.15,0.59,MEDIUM,41,broadband deals
best deals on broadband and tv,9900,4.15,0.59,MEDIUM,38,broadband deals
best deals for home phone and broadband,9900,3.12,0.41,MEDIUM,20,broadband deals
best deals on tv and broadband,9900,4.15,0.59,MEDIUM,38,broadband deals
best broadband and phone deals,9900,3.12,0.41,MEDIUM,55,broadband deals
best broadband tv package deals,9900,4.15,0.59,MEDIUM,40,broadband deals
best broadband and phone package deals,9900,3.12,0.41,MEDIUM,55,broadband deals
best broadband tv deals,9900,4.15,0.59,MEDIUM,41,broadband deals
best broadband and tv deals,9900,4.15,0.59,MEDIUM,43,broadband deals
best broadband & tv deals,9900,4.15,0.59,MEDIUM,41,broadband deals
best broadband and landline deals,9900,3.12,0.41,MEDIUM,55,broadband deals
best broadband deals and phone,9900,3.12,0.41,MEDIUM,55,broadband deals
best deals for broadband and tv,9900,4.15,0.59,MEDIUM,44,broadband deals
best broadband landline deals,9900,3.12,0.41,MEDIUM,37,broadband deals
tv broadband best deals,9900,4.15,0.59,MEDIUM,41,broadband deals
best broadband deals with phone,9900,3.12,0.41,MEDIUM,38,broadband deals
phone and broadband best deals,9900,3.12,0.41,MEDIUM,31,broadband deals
best broadband and calls deals,9900,3.12,0.41,MEDIUM,20,broadband deals
best deals broadband and phone,9900,3.12,0.41,MEDIUM,55,broadband deals
best broadband and tv package deals,9900,4.15,0.59,MEDIUM,40,broadband deals
best phone broadband deals,9900,3.12,0.41,MEDIUM,38,broadband deals
best deals on landline and broadband,9900,3.12,0.41,MEDIUM,55,broadband deals
best telephone broadband deals,9900,3.12,0.41,MEDIUM,56,broadband deals
good broadband and tv deals,9900,4.15,0.59,MEDIUM,38,broadband deals
best phone and broadband deals,9900,3.12,0.41,MEDIUM,35,broadband deals
best phone & broadband deals,9900,3.12,0.41,MEDIUM,38,broadband deals
best broadband phone deals,9900,3.12,0.41,MEDIUM,38,broadband deals
best deals broadband and tv,9900,4.15,0.59,MEDIUM,41,broadband deals
best landline broadband deals,9900,3.12,0.41,MEDIUM,55,broadband deals
pension calculator martin lewis,9900,2.73,0.25,LOW,37,pension calculator
martin lewis pension calculator,9900,2.73,0.25,LOW,37,pension calculator
automatic driving lessons near me,9900,2.01,0.54,MEDIUM,25,driving lessons
driving lessons automatic near me,9900,2.01,0.54,MEDIUM,25,driving lessons
driving lessons near me automatic,9900,2.01,0.54,MEDIUM,25,driving lessons
mot test and service,9900,6.84,0.64,MEDIUM,37,MOT test
parking permit,9900,2.08,0.02,LOW,15,parking permit
permit for parking,9900,2.08,0.02,LOW,15,parking permit
permit parking,9900,2.08,0.02,LOW,12,parking permit
bus timetable 21,9900,0.51,0,LOW,0,bus timetable
21 bus timetable,9900,0.51,0,LOW,0,bus timetable
bus number 1 timetable,9900,0.8,0,LOW,0,bus timetable
timetable for number 1 bus,9900,0.8,0,LOW,0,bus timetable
bus timetable number 1,9900,0.8,0,LOW,0,bus timetable
bus x3 timetable,9900,0.52,0,LOW,0,bus timetable
bus no 1 timetable,9900,0.8,0,LOW,11,bus timetable
number 1 bus timetable,9900,0.8,0,LOW,0,bus timetable
bus timetable for number 1,9900,0.8,0,LOW,0,bus timetable
timetable 21 bus,9900,0.51,0,LOW,0,bus timetable
x3 bus timetable,9900,0.52,0,LOW,0,bus timetable
bus 21 timetable,9900,0.51,0,LOW,0,bus timetable
bus timetable no 1,9900,0.8,0,LOW,3,bus timetable
bus timetable for 21,9900,0.51,0,LOW,0,bus timetable
no 1 bus timetable,9900,0.8,0,LOW,11,bus timetable
joint apprenticeship council,9900,0.5,0.52,MEDIUM,45,apprenticeship
bae apprenticeship,9900,0.73,0.07,LOW,0,apprenticeship
electrical electrical apprenticeship,9900,4.05,0.47,MEDIUM,4,apprenticeship
bae systems apprenticeship,9900,0.73,0.07,LOW,0,apprenticeship
apprenticeship for electrician,9900,4.05,0.47,MEDIUM,12,apprenticeship
apprenticeship electricians,9900,4.05,0.47,MEDIUM,0,apprenticeship
apprenticeship incentive grant,9900,5.57,0.07,LOW,23,apprenticeship
apprenticeship electrical,9900,4.05,0.47,MEDIUM,9,apprenticeship
apprenticeship bae,9900,0.73,0.07,LOW,0,apprenticeship
apprenticeship scotland,9900,0.66,0.33,LOW,38,apprenticeship
apprenticeship in electrical,9900,4.05,0.47,MEDIUM,0,apprenticeship
apprenticeship for electricians,9900,4.05,0.47,MEDIUM,5,apprenticeship
apprenticeship bae systems,9900,0.73,0.07,LOW,0,apprenticeship
british aerospace apprenticeship,9900,0.73,0.07,LOW,1,apprenticeship
electrical apprenticeship,9900,4.05,0.47,MEDIUM,4,apprenticeship
hot tub time machine movie cast,9900,0,0,LOW,15,hot tub
hot tub time machine actors,9900,0,0,LOW,15,hot tub
cast for hot tub time machine,9900,0,0,LOW,15,hot tub
hot tub movie cast,9900,0,0,LOW,11,hot tub
cast of hot tub time machine,9900,0,0,LOW,19,hot tub
hot tub time machine cast,9900,0,0,LOW,11,hot tub
hot tub machine cast,9900,0,0,LOW,12,hot tub
coventry council tax,8100,2.44,0.01,LOW,0,council tax
number for council tax,8100,2.47,0.01,LOW,14,council tax
westminster city council tax,8100,0.13,0,LOW,37,council tax
cornwall council council tax,8100,3.28,0.01,LOW,33,council tax
council tax london southwark,8100,2.21,0,LOW,4,council tax
wandsworth council tax,8100,3.28,0,LOW,11,council tax
council tax bill,8100,2.3,0,LOW,32,council tax
council tax for westminster,8100,0.13,0,LOW,4,council tax
southwark council council tax,8100,2.21,0,LOW,19,council tax
salford council council tax,8100,2.47,0,LOW,14,council tax
southwark borough council tax,8100,2.21,0,LOW,3,council tax
southwark council tax,8100,2.21,0,LOW,18,council tax
council tax birmingham uk,8100,2.65,0.01,LOW,12,council tax
council tax cardiff council,8100,2.96,0.01,LOW,0,council tax
council tax when moving house,8100,2.01,0.15,LOW,7,council tax
exemptions from council tax,8100,2.03,0.03,LOW,15,council tax
birmingham city council tax,8100,3.34,0,LOW,10,council tax
north lanarkshire council council tax,8100,3.11,0,LOW,10,council tax
westminster council tax,8100,0.13,0,LOW,37,council tax
exemption of council tax,8100,2.03,0.03,LOW,15,council tax
council tax birmingham city council,8100,3.34,0,LOW,10,council tax
council tax moving house,8100,2.01,0.15,LOW,0,council tax
birmingham council tax,8100,3.34,0,LOW,9,council tax
council tax move house,8100,2.01,0.15,LOW,0,council tax
salford city council tax,8100,2.47,0,LOW,23,council tax
moving house council tax,8100,2.01,0.15,LOW,0,council tax
council tax number,8100,2.47,0.01,LOW,32,council tax
coventry city council council tax,8100,2.44,0.01,LOW,5,council tax
north lanarkshire council tax,8100,3.11,0,LOW,10,council tax
council tax southwark,8100,2.21,0,LOW,3,council tax
cardiff council council tax,8100,2.96,0.01,LOW,0,council tax
coventry city council tax,8100,2.44,0.01,LOW,2,council tax
council tax in westminster,8100,0.13,0,LOW,9,council tax
city of westminster council tax,8100,0.13,0,LOW,37,council tax
council tax birmingham,8100,2.65,0.01,LOW,7,council tax
cardiff council tax,8100,2.96,0.01,LOW,0,council tax
cornwall county council council tax,8100,3.28,0.01,LOW,2,council tax
moving home and council tax,8100,2.01,0.15,LOW,0,council tax
wandsworth borough council tax,8100,3.28,0,LOW,7,council tax
exemption for council tax,8100,2.03,0.03,LOW,15,council tax
council tax sheffield,8100,2.86,0,LOW,7,council tax
council tax cardiff,8100,2.96,0.01,LOW,3,council tax
council tax and moving house,8100,2.01,0.15,LOW,0,council tax
birmingham city council council tax,8100,3.34,0,LOW,12,council tax
salford council tax,8100,2.47,0,LOW,14,council tax
council tax bills,8100,2.3,0,LOW,32,council tax
council tax for wandsworth,8100,3.28,0,LOW,0,council tax
council tax moved house,8100,2.01,0.15,LOW,0,council tax
exemptions for council tax,8100,2.03,0.03,LOW,15,council tax
nlc council tax,8100,3.11,0,LOW,10,council tax
london borough of southwark council tax,8100,2.21,0,LOW,24,council tax
council tax billing,8100,2.3,0,LOW,34,council tax
cornwall council tax,8100,3.28,0.01,LOW,25,council tax
council tax exemption,8100,2.03,0.03,LOW,15,council tax
council tax salford,8100,2.47,0,LOW,13,council tax
calculate council tax,8100,0,0,LOW,28,council tax
council tax calculator,8100,0,0,LOW,29,council tax
exemption council tax,8100,2.03,0.03,LOW,15,council tax
council tax city of westminster,8100,0.13,0,LOW,11,council tax
council tax coventry,8100,2.44,0.01,LOW,0,council tax
city of salford council tax,8100,2.47,0,LOW,23,council tax
exempt from council tax,8100,2.03,0.03,LOW,15,council tax
council tax invoice,8100,2.3,0,LOW,15,council tax
council tax westminster,8100,0.13,0,LOW,37,council tax
moving house and council tax,8100,2.01,0.15,LOW,13,council tax
cardiff city council tax,8100,2.96,0.01,LOW,0,council tax
council tax and moving home,8100,2.01,0.15,LOW,0,council tax
council tax north lanarkshire,8100,3.11,0,LOW,10,council tax
council tax london wandsworth,8100,3.28,0,LOW,8,council tax
coventry council council tax,8100,2.44,0.01,LOW,0,council tax
exemption from council tax,8100,2.03,0.03,LOW,18,council tax
sheffield council tax,8100,2.86,0,LOW,7,council tax
council tax wandsworth,8100,3.28,0,LOW,18,council tax
exempt council tax,8100,2.03,0.03,LOW,15,council tax
council tax exemptions,8100,2.03,0.03,LOW,15,council tax
move house council tax,8100,2.01,0.15,LOW,2,council tax
average energy bill uk,8100,3.66,0.46,MEDIUM,26,energy bill
average energy bill in uk,8100,3.66,0.46,MEDIUM,26,energy bill
vodafone broadband deals,8100,2.91,0.41,MEDIUM,17,broadband deals
broadband virgin deals,8100,2.24,0.39,MEDIUM,97,broadband deals
virgin deals broadband,8100,2.24,0.39,MEDIUM,40,broadband deals
virgin media broadband deals,8100,2.24,0.39,MEDIUM,43,broadband deals
broadband deals talktalk,8100,3.84,0.48,MEDIUM,7,broadband deals
broadband deals vodafone,8100,2.91,0.41,MEDIUM,20,broadband deals
broadband talktalk deals,8100,3.84,0.48,MEDIUM,7,broadband deals
virgin media and broadband deals,8100,2.24,0.39,MEDIUM,43,broadband deals
talktalk broadband deals,8100,3.84,0.48,MEDIUM,7,broadband deals
broadband deals virgin,8100,2.24,0.39,MEDIUM,97,broadband deals
talk talk broadband deals,8100,3.84,0.48,MEDIUM,10,broadband deals
prices skip hire,8100,2.14,0.5,MEDIUM,0,skip hire
cost skip hire,8100,2.14,0.5,MEDIUM,0,skip hire
hire a skip price,8100,2.14,0.5,MEDIUM,0,skip hire
skip hire cost,8100,2.14,0.5,MEDIUM,0,skip hire
cost of skip hire,8100,2.14,0.5,MEDIUM,0,skip hire
skip hire pricing,8100,2.14,0.5,MEDIUM,0,skip hire
skip hire charges,8100,2.14,0.5,MEDIUM,0,skip hire
skip hire with prices,8100,2.14,0.5,MEDIUM,0,skip hire
cost for skip hire,8100,2.14,0.5,MEDIUM,0,skip hire
price for skip hire,8100,2.14,0.5,MEDIUM,0,skip hire
skip hire prices,8100,2.14,0.5,MEDIUM,0,skip hire
cost of a skip hire,8100,2.14,0.5,MEDIUM,0,skip hire
hire skip prices,8100,2.14,0.5,MEDIUM,0,skip hire
prices of skip hire,8100,2.14,0.5,MEDIUM,0,skip hire
skip hire costs,8100,2.14,0.5,MEDIUM,0,skip hire
hire a skip cost,8100,2.14,0.5,MEDIUM,0,skip hire
price skip hire,8100,2.14,0.5,MEDIUM,0,skip hire
skip for hire prices,8100,2.14,0.5,MEDIUM,0,skip hire
hire a skip prices,8100,2.14,0.5,MEDIUM,0,skip hire
skip hire charge,8100,2.14,0.5,MEDIUM,0,skip hire
prices for skip hire,8100,2.14,0.5,MEDIUM,0,skip hire
skip hire price,8100,2.14,0.5,MEDIUM,0,skip hire
skip hire and prices,8100,2.14,0.5,MEDIUM,4,skip hire
price of skip hire,8100,2.14,0.5,MEDIUM,0,skip hire
pension nhs calculator,8100,5.34,0,LOW,3,pension calculator
nhs calculator pension,8100,5.34,0,LOW,0,pension calculator
nhs pension scheme calculator,8100,5.34,0,LOW,1,pension calculator
nhs pension fund calculator,8100,5.34,0,LOW,3,pension calculator
nhs superannuation pension calculator,8100,5.34,0,LOW,0,pension calculator
pension calculator nhs,8100,5.34,0,LOW,3,pension calculator
nhs pension calculator,8100,5.34,0,LOW,3,pension calculator
driving lessons london,8100,2.37,0.62,MEDIUM,37,driving lessons
driving lessons package london,8100,2.37,0.62,MEDIUM,31,driving lessons
bsm driving lessons,8100,1.72,0.15,LOW,28,driving lessons
driving lessons uk london,8100,2.37,0.62,MEDIUM,21,driving lessons
driving lessons in london uk,8100,2.37,0.62,MEDIUM,21,driving lessons
london driving lessons,8100,2.37,0.62,MEDIUM,29,driving lessons
driving licence lessons london,8100,2.37,0.62,MEDIUM,37,driving lessons
driving lessons in london,8100,2.37,0.62,MEDIUM,37,driving lessons
driving lessons london uk,8100,2.37,0.62,MEDIUM,21,driving lessons
driving lessons bsm,8100,1.72,0.15,LOW,28,driving lessons
mot test gov uk,8100,0.91,0.02,LOW,51,MOT test
mot test manual,8100,0,0,LOW,7,MOT test
mot test gov.uk,8100,0.91,0.02,LOW,51,MOT test
mot test cost uk,8100,1.53,0.18,LOW,39,MOT test
cost of mot test uk,8100,1.53,0.18,LOW,39,MOT test
uk mot test cost,8100,1.53,0.18,LOW,39,MOT test
number 8 bus timetable,8100,0.81,0,LOW,0,bus timetable
bus x2 timetable,8100,0.33,0,LOW,0,bus timetable
x5 bus route timetable,8100,1.07,0,LOW,,bus timetable
bus 7 timetable,8100,0.46,0,LOW,0,bus timetable
7 timetable bus,8100,0.46,0,LOW,0,bus timetable
timetable bus 7,8100,0.46,0,LOW,0,bus timetable
x7 bus timetable,8100,0.49,0,LOW,0,bus timetable
bus timetable no 8,8100,0.81,0,LOW,0,bus timetable
bus timetable number 7,8100,0.65,0,LOW,0,bus timetable
bus no 8 timetable,8100,0.81,0,LOW,0,bus timetable
bus timetable for number 7,8100,0.65,0,LOW,0,bus timetable
translink bus timetable,8100,0,0,LOW,25,bus timetable
x4 bus timetable,8100,0.23,0,LOW,0,bus timetable
bus number 8 timetable,8100,0.81,0,LOW,0,bus timetable
22 bus timetable,8100,0.34,0,LOW,0,bus timetable
bus timetable no 2,8100,0.85,0,LOW,0,bus timetable
timetable for number 8 bus,8100,0.81,0,LOW,0,bus timetable
bus timetable 22,8100,0.34,0,LOW,0,bus timetable
timetable bus 22,8100,0.34,0,LOW,0,bus timetable
x10 bus timetable,8100,0.63,0.01,LOW,0,bus timetable
bus timetable for number 2,8100,0.85,0,LOW,0,bus timetable
bus timetable x10,8100,0.63,0.01,LOW,0,bus timetable
bus x5 timetable,8100,1.07,0,LOW,0,bus timetable
bus x4 timetable,8100,0.23,0,LOW,0,bus timetable
bus timetable number 2,8100,0.85,0,LOW,0,bus timetable
bus x7 timetable,8100,0.49,0,LOW,0,bus timetable
bus no 2 timetable,8100,0.85,0,LOW,0,bus timetable
7 bus timetable,8100,0.46,0,LOW,2,bus timetable
bus timetable number 8,8100,0.81,0,LOW,0,bus timetable
bus timetable x2,8100,0.33,0,LOW,0,bus timetable
x2 bus timetable,8100,0.33,0,LOW,0,bus timetable
no 8 bus timetable,8100,0.81,0,LOW,0,bus timetable
no 2 bus timetable,8100,0.85,0,LOW,0,bus timetable
bus x20 timetable,8100,0.64,0,LOW,0,bus timetable
bus timetable x20,8100,0.64,0,LOW,0,bus timetable
bus 22 timetable,8100,0.34,0,LOW,0,bus timetable
no.8 bus timetable,8100,0.81,0,LOW,0,bus timetable
timetable for number 7 bus,8100,0.65,0,LOW,0,bus timetable
bus timetable no 7,8100,0.65,0,LOW,0,bus timetable
no2 bus timetable,8100,0.85,0,LOW,0,bus timetable
no.7 bus timetable,8100,0.65,0,LOW,0,bus timetable
bus number 2 timetable,8100,0.85,0,LOW,0,bus timetable
bus number 7 timetable,8100,0.65,0,LOW,0,bus timetable
no.2 bus timetable,8100,0.85,0,LOW,0,bus timetable
timetable number 2 bus,8100,0.85,0,LOW,0,bus timetable
warrington bus timetable,8100,0,0,LOW,3,bus timetable
number 2 bus timetable,8100,0.85,0,LOW,0,bus timetable
x5 bus timetable,8100,1.07,0,LOW,0,bus timetable
number 7 bus timetable,8100,0.65,0,LOW,0,bus timetable
bus timetable x4,8100,0.23,0,LOW,0,bus timetable
x20 bus timetable,8100,0.64,0,LOW,0,bus timetable
no 7 bus timetable,8100,0.65,0,LOW,0,bus timetable
cybersecurity apprenticeship,8100,3.25,0.64,MEDIUM,2,apprenticeship
social work apprenticeship,8100,2.15,0.33,MEDIUM,0,apprenticeship
social services apprenticeship,8100,2.15,0.33,MEDIUM,11,apprenticeship
apprenticeship in cyber security,8100,3.25,0.64,MEDIUM,0,apprenticeship
apprenticeship cybersecurity,8100,3.25,0.64,MEDIUM,,apprenticeship
apprenticeship train driver,8100,1.16,0.06,LOW,16,apprenticeship
london apprenticeship,8100,1.91,0.18,LOW,37,apprenticeship
apprenticeship cyber security,8100,3.25,0.64,MEDIUM,0,apprenticeship
it apprenticeship,8100,2.96,0.49,MEDIUM,14,apprenticeship
apprenticeship dental nursing,8100,1.16,0.33,LOW,6,apprenticeship
apprenticeship social worker,8100,2.15,0.33,MEDIUM,7,apprenticeship
dental nurse apprenticeship,8100,1.16,0.33,LOW,6,apprenticeship
mechanic apprenticeship,8100,1.06,0.26,LOW,8,apprenticeship
paramedical apprenticeship,8100,1.65,0.17,LOW,0,apprenticeship
paramedic apprenticeship,8100,1.65,0.17,LOW,0,apprenticeship
apprenticeship london uk,8100,1.91,0.18,LOW,19,apprenticeship
apprenticeship in uk,8100,2.29,0.24,LOW,43,apprenticeship
cyber security apprenticeship,8100,3.25,0.64,MEDIUM,0,apprenticeship
ldn apprenticeship,8100,1.91,0.18,LOW,2,apprenticeship
rolls royce apprenticeship,8100,1.51,0.03,LOW,0,apprenticeship
apprenticeship in social work,8100,2.15,0.33,MEDIUM,3,apprenticeship
mechanical apprenticeship,8100,1.06,0.26,LOW,8,apprenticeship
rolls-royce apprenticeship,8100,1.51,0.03,LOW,0,apprenticeship
apprenticeship in england,8100,2.29,0.24,LOW,67,apprenticeship
apprenticeship social work,8100,2.15,0.33,MEDIUM,0,apprenticeship
apprenticeship for paramedic,8100,1.65,0.17,LOW,0,apprenticeship
train driving apprenticeship,8100,1.16,0.06,LOW,9,apprenticeship
apprenticeship uk london,8100,1.91,0.18,LOW,16,apprenticeship
train driver apprenticeship,8100,1.16,0.06,LOW,16,apprenticeship
social worker apprenticeship,8100,2.15,0.33,MEDIUM,7,apprenticeship
apprenticeship united kingdom,8100,2.29,0.24,LOW,67,apprenticeship
paramedics apprenticeship,8100,1.65,0.17,LOW,0,apprenticeship
dental nursing apprenticeship,8100,1.16,0.33,LOW,0,apprenticeship
dentist nurse apprenticeship,8100,1.16,0.33,LOW,6,apprenticeship
apprenticeship dental nurse,8100,1.16,0.33,LOW,6,apprenticeship
mechanics apprenticeship,8100,1.06,0.26,LOW,8,apprenticeship
apprenticeship england,8100,2.29,0.24,LOW,67,apprenticeship
apprenticeship in paramedic,8100,1.65,0.17,LOW,0,apprenticeship
apprenticeship in london,8100,1.91,0.18,LOW,37,apprenticeship
apprenticeship in dental nursing,8100,1.16,0.33,LOW,6,apprenticeship
apprenticeship in the uk,8100,2.29,0.24,LOW,58,apprenticeship
apprenticeship paramedic,8100,1.65,0.17,LOW,0,apprenticeship
lbhf council tax,6600,2,0,LOW,14,council tax
2nd home council tax,6600,1.21,0.01,LOW,0,council tax
council tax london hackney,6600,1.78,0,LOW,0,council tax
council tax greenwich,6600,2.88,0,LOW,4,council tax
redbridge council council tax,6600,2.34,0,LOW,9,council tax
council tax online,6600,2.46,0.01,LOW,14,council tax
merton council council tax,6600,2.74,0,LOW,2,council tax
london borough of bromley council tax,6600,2.65,0,LOW,11,council tax
brighton and hove city council tax,6600,2.78,0,LOW,14,council tax
how much is band d council tax,6600,11.29,0,LOW,15,council tax
council tax h&f,6600,2,0,LOW,14,council tax
bromley council tax,6600,2.65,0,LOW,5,council tax
view council tax bill online,6600,1.1,0,LOW,1,council tax
how much is council tax band f,6600,11.29,0,LOW,12,council tax
brighton and hove city council council tax,6600,2.78,0,LOW,14,council tax
merton council tax,6600,2.74,0,LOW,2,council tax
how much is council tax band d,6600,11.29,0,LOW,11,council tax
bromley borough council tax,6600,2.65,0,LOW,,council tax
council tax milton keynes,6600,2.8,0.01,LOW,19,council tax
hammersmith fulham council tax,6600,2,0,LOW,16,council tax
fulham and hammersmith council tax,6600,2,0,LOW,0,council tax
how much is my council tax,6600,3.15,0,LOW,13,council tax
council tax in hackney,6600,1.78,0,LOW,0,council tax
lbh council tax,6600,2.54,0,LOW,0,council tax
how much is council tax,6600,0,0,LOW,27,council tax
london borough of waltham forest council tax,6600,2.92,0,LOW,19,council tax
london borough of merton council tax,6600,2.74,0,LOW,2,council tax
barnet council council tax,6600,3.49,0,LOW,22,council tax
council tax on second home,6600,1.21,0.01,LOW,0,council tax
how much is council tax band e,6600,11.29,0,LOW,18,council tax
merton borough council tax,6600,2.74,0,LOW,11,council tax
hillingdon council tax,6600,2.54,0,LOW,0,council tax
bromley council council tax,6600,2.65,0,LOW,5,council tax
council tax merton,6600,2.74,0,LOW,3,council tax
council tax redbridge,6600,2.34,0,LOW,9,council tax
mick george skip hire,6600,1.19,0.58,MEDIUM,0,skip hire
skip hire mick george,6600,1.19,0.58,MEDIUM,0,skip hire
boiler service charges,6600,3.79,0.62,MEDIUM,2,boiler service
price for boiler service,6600,3.79,0.62,MEDIUM,0,boiler service
cost boiler service,6600,3.79,0.62,MEDIUM,0,boiler service
boiler service charge,6600,3.79,0.62,MEDIUM,5,boiler service
service boiler price,6600,3.79,0.62,MEDIUM,0,boiler service
cost of boiler service,6600,3.79,0.62,MEDIUM,0,boiler service
price boiler service,6600,3.79,0.62,MEDIUM,0,boiler service
boiler service cost,6600,3.79,0.62,MEDIUM,0,boiler service
prices for boiler service,6600,3.79,0.62,MEDIUM,0,boiler service
cost of a boiler service,6600,3.79,0.62,MEDIUM,0,boiler service
boiler service price,6600,3.79,0.62,MEDIUM,0,boiler service
cost for boiler service,6600,3.79,0.62,MEDIUM,0,boiler service
service a boiler cost,6600,3.79,0.62,MEDIUM,0,boiler service
boiler service prices,6600,3.79,0.62,MEDIUM,0,boiler service
service boiler cost,6600,3.79,0.62,MEDIUM,0,boiler service
price to service a boiler,6600,3.79,0.62,MEDIUM,0,boiler service
return tax calculator,6600,1.65,0.19,LOW,51,tax return
calculator for tax return,6600,1.65,0.19,LOW,34,tax return
tax return tax calculator,6600,1.65,0.19,LOW,24,tax return
calculate tax return,6600,1.65,0.19,LOW,34,tax return
calculator tax return,6600,1.65,0.19,LOW,34,tax return
tax return calculator,6600,1.65,0.19,LOW,27,tax return
tax calculator tax return,6600,1.65,0.19,LOW,34,tax return
tax calculator return,6600,1.65,0.19,LOW,34,tax return
state pension calculator,6600,1.79,0.01,LOW,48,pension calculator
state pension uk calculator,6600,1.79,0.01,LOW,41,pension calculator
calculator for state pension,6600,1.79,0.01,LOW,41,pension calculator
pension state calculator,6600,1.79,0.01,LOW,49,pension calculator
pension calculator state,6600,1.79,0.01,LOW,47,pension calculator
basic state pension calculator,6600,1.79,0.01,LOW,48,pension calculator
job in physiotherapy,6600,4.96,0.12,LOW,26,physiotherapy
jobs for physiotherapy,6600,4.96,0.12,LOW,12,physiotherapy
job physiotherapy,6600,4.96,0.12,LOW,9,physiotherapy
physiotherapy job,6600,4.96,0.12,LOW,14,physiotherapy
job for physiotherapy,6600,4.96,0.12,LOW,15,physiotherapy
jobs in physiotherapy,6600,4.96,0.12,LOW,10,physiotherapy
physiotherapy employment opportunities,6600,4.96,0.12,LOW,0,physiotherapy
driving lessons how much,6600,1.22,0.24,LOW,31,driving lessons
how much for driving lessons,6600,1.22,0.24,LOW,15,driving lessons
how much are driving lessons,6600,1.22,0.24,LOW,7,driving lessons
how much driving lessons,6600,1.22,0.24,LOW,13,driving lessons
how much is in car driving lessons,6600,1.22,0.24,LOW,7,driving lessons
how much is for driving lessons,6600,1.22,0.24,LOW,7,driving lessons
mot test service,6600,4.81,0.08,LOW,51,MOT test
mot test reminder,6600,1.7,0.01,LOW,11,MOT test
mot test when due,6600,0.6,0.02,LOW,21,MOT test
mot test price,6600,1.71,0.3,LOW,39,MOT test
mot test sign in,6600,0,0,LOW,16,MOT test
handicap permit parking,6600,1.32,0.05,LOW,22,parking permit
disabilities parking permit,6600,1.32,0.05,LOW,11,parking permit
haringey permit parking,6600,8.22,0,LOW,7,parking permit
wheelchair parking permit,6600,1.32,0.05,LOW,11,parking permit
handicap parking permit,6600,1.32,0.05,LOW,22,parking permit
disabled permit parking,6600,1.32,0.05,LOW,11,parking permit
parking permit haringey,6600,8.22,0,LOW,0,parking permit
haringey parking permit,6600,8.22,0,LOW,0,parking permit
disabled parking permit,6600,1.32,0.05,LOW,11,parking permit
x30 bus timetable,6600,0,0,LOW,0,bus timetable
bus timetable no 10,6600,0.51,0,LOW,3,bus timetable
bus x30 timetable,6600,0,0,LOW,0,bus timetable
bus timetable number 3,6600,0.59,0,LOW,0,bus timetable
more bus timetable,6600,0,0,LOW,34,bus timetable
bus 60 timetable,6600,0.23,0,LOW,0,bus timetable
no 6 bus timetable,6600,0.67,0.01,LOW,0,bus timetable
bus number 3 timetable,6600,0.59,0,LOW,0,bus timetable
bus timetable 60,6600,0.23,0,LOW,0,bus timetable
bus number 9 timetable,6600,0.73,0.01,LOW,4,bus timetable
number 10 bus timetable,6600,0.51,0,LOW,0,bus timetable
bus no 4 timetable,6600,0.77,0,LOW,0,bus timetable
no4 bus timetable,6600,0.77,0,LOW,0,bus timetable
bus timetable 51,6600,0.31,0,LOW,0,bus timetable
bus no 10 timetable,6600,0.51,0,LOW,0,bus timetable
no 10 bus timetable,6600,0.51,0,LOW,3,bus timetable
bus 61 timetable,6600,0.37,0,LOW,0,bus timetable
no.4 bus timetable,6600,0.77,0,LOW,0,bus timetable
number three bus timetable,6600,0.59,0,LOW,3,bus timetable
no.9 bus timetable,6600,0.73,0.01,LOW,5,bus timetable
bus timetable number 9,6600,0.73,0.01,LOW,4,bus timetable
no.6 bus timetable,6600,0.67,0.01,LOW,0,bus timetable
bus timetable 23,6600,0.49,0,LOW,0,bus timetable
bus number 4 timetable,6600,0.77,0,LOW,0,bus timetable
bus 17 timetable,6600,0.64,0,LOW,0,bus timetable
35 bus timetable,6600,0.81,0,LOW,0,bus timetable
60 bus timetable,6600,0.23,0,LOW,0,bus timetable
41 bus timetable,6600,0.33,0,LOW,0,bus timetable
bus 41 timetable,6600,0.33,0,LOW,0,bus timetable
no 9 bus timetable,6600,0.73,0.01,LOW,1,bus timetable
bus timetable 20,6600,0.63,0,LOW,0,bus timetable
bus 28 timetable,6600,0.8,0,LOW,0,bus timetable
25 bus route timetable,6600,1.02,0,LOW,0,bus timetable
no3 bus timetable,6600,0.59,0,LOW,4,bus timetable
100 bus timetable,6600,0,0,LOW,1,bus timetable
no.10 bus timetable,6600,0.51,0,LOW,3,bus timetable
number 6 bus timetable,6600,0.67,0.01,LOW,0,bus timetable
bus 25 timetable,6600,1.02,0,LOW,0,bus timetable
20 bus timetable,6600,0.63,0,LOW,0,bus timetable
bus timetable 61,6600,0.37,0,LOW,0,bus timetable
bus timetable 28,6600,0.8,0,LOW,0,bus timetable
bus route 20 timetable,6600,0.63,0,LOW,0,bus timetable
51 bus timetable,6600,0.31,0,LOW,0,bus timetable
bus timetable no 4,6600,0.77,0,LOW,0,bus timetable
bus timetable x30,6600,0,0,LOW,0,bus timetable
number 9 bus timetable,6600,0.73,0.01,LOW,5,bus timetable
20 bus route timetable,6600,0.63,0,LOW,0,bus timetable
23 bus timetable,6600,0.49,0,LOW,0,bus timetable
no.3 bus timetable,6600,0.59,0,LOW,0,bus timetable
bus 20 timetable,6600,0.63,0,LOW,0,bus timetable
timetable 17 bus,6600,0.64,0,LOW,0,bus timetable
28 bus timetable,6600,0.8,0,LOW,0,bus timetable
timetable for 61 bus,6600,0.37,0,LOW,0,bus timetable
bus timetable number 4,6600,0.77,0,LOW,0,bus timetable
bus timetable 100,6600,0,0,LOW,0,bus timetable
timetable for the x30 bus,6600,0,0,LOW,0,bus timetable
bus 51 timetable,6600,0.31,0,LOW,1,bus timetable
bus number 10 timetable,6600,0.51,0,LOW,0,bus timetable
number 4 bus timetable,6600,0.77,0,LOW,0,bus timetable
number 3 bus timetable,6600,0.59,0,LOW,0,bus timetable
bus timetable 17,6600,0.64,0,LOW,0,bus timetable
timetable bus 17,6600,0.64,0,LOW,0,bus timetable
bus timetable for 61,6600,0.37,0,LOW,0,bus timetable
bus route 23 timetable,6600,0.49,0,LOW,0,bus timetable
timetable 60 bus,6600,0.23,0,LOW,0,bus timetable
bus timetable 25,6600,1.02,0,LOW,0,bus timetable
bus timetable number 10,6600,0.51,0,LOW,0,bus timetable
61 bus timetable,6600,0.37,0,LOW,0,bus timetable
bus 100 timetable,6600,0,0,LOW,0,bus timetable
bus timetable 41,6600,0.33,0,LOW,0,bus timetable
25 bus timetable,6600,1.02,0,LOW,0,bus timetable
route 23 bus timetable,6600,0.49,0,LOW,0,bus timetable
bus 35 timetable,6600,0.81,0,LOW,0,bus timetable
bus timetable 35,6600,0.81,0,LOW,0,bus timetable
no 3 bus timetable,6600,0.59,0,LOW,0,bus timetable
timetable for number 4 bus,6600,0.77,0,LOW,0,bus timetable
timetable for number 3 bus,6600,0.59,0,LOW,0,bus timetable
timetable 23 bus,6600,0.49,0,LOW,0,bus timetable
bus timetable for number 4,6600,0.77,0,LOW,0,bus timetable
bus 23 timetable,6600,0.49,0,LOW,1,bus timetable
bus timetable number 6,6600,0.67,0.01,LOW,0,bus timetable
bus timetable no 9,6600,0.73,0.01,LOW,0,bus timetable
17 bus timetable,6600,0.64,0,LOW,0,bus timetable
no 4 bus timetable,6600,0.77,0,LOW,0,bus timetable
bus no 3 timetable,6600,0.59,0,LOW,0,bus timetable
apprenticeship wage 2025,6600,0.57,0.04,LOW,22,apprenticeship
apprenticeship tfl,6600,0.21,0.14,LOW,0,apprenticeship
carpenters apprenticeship,6600,1.09,0.41,MEDIUM,0,apprenticeship
nurse apprenticeship,6600,1.5,0.3,LOW,10,apprenticeship
apprenticeship ucas,6600,2.12,0.09,LOW,27,apprenticeship
ucas apprenticeship,6600,2.12,0.09,LOW,35,apprenticeship
british gas apprenticeship,6600,1.95,0.31,LOW,4,apprenticeship
apprenticeship in manchester,6600,1.75,0.46,MEDIUM,,apprenticeship
apprenticeship carpenter,6600,1.09,0.41,MEDIUM,0,apprenticeship
apprenticeship levy,6600,2.14,0.08,LOW,18,apprenticeship
apprenticeship wages 2025,6600,0.57,0.04,LOW,16,apprenticeship
apprenticeship manchester,6600,1.75,0.46,MEDIUM,11,apprenticeship
manchester apprenticeship,6600,1.75,0.46,MEDIUM,11,apprenticeship
nursing apprenticeship,6600,1.5,0.3,LOW,10,apprenticeship
jobs apprenticeship,6600,1.57,0.26,LOW,48,apprenticeship
apprenticeship jobs,6600,1.57,0.26,LOW,48,apprenticeship
apprenticeship for carpentry,6600,1.09,0.41,MEDIUM,10,apprenticeship
apprenticeship job,6600,1.57,0.26,LOW,49,apprenticeship
apprenticeship carpentry,6600,1.09,0.41,MEDIUM,10,apprenticeship
carpentry apprenticeship,6600,1.09,0.41,MEDIUM,10,apprenticeship
apprenticeship in carpentry,6600,1.09,0.41,MEDIUM,10,apprenticeship
apprenticeship meaning,6600,1.01,0.01,LOW,39,apprenticeship
carpenter apprenticeship,6600,1.09,0.41,MEDIUM,0,apprenticeship
hot tub machine 2,6600,0,0,LOW,21,hot tub
broadband and phone tv deals,5400,3.5,0.37,MEDIUM,42,broadband deals
broadband phone and tv deals,5400,3.5,0.37,MEDIUM,37,broadband deals
tv and broadband and phone deals,5400,3.5,0.37,MEDIUM,40,broadband deals
broadband tv and telephone deals,5400,3.5,0.37,MEDIUM,49,broadband deals
deals on broadband tv and phone,5400,3.5,0.37,MEDIUM,26,broadband deals
deals on tv broadband and phone,5400,3.5,0.37,MEDIUM,43,broadband deals
tv broadband and phone deals,5400,3.5,0.37,MEDIUM,43,broadband deals
tv phone and broadband deals,5400,3.5,0.37,MEDIUM,54,broadband deals
tv broadband phone deals,5400,3.5,0.37,MEDIUM,38,broadband deals
deals for tv broadband and phone,5400,3.5,0.37,MEDIUM,49,broadband deals
broadband tv telephone deals,5400,3.5,0.37,MEDIUM,49,broadband deals
broadband and phone and tv deals,5400,3.5,0.37,MEDIUM,40,broadband deals
tv broadband and telephone deals,5400,3.5,0.37,MEDIUM,49,broadband deals
broadband tv and phone deals,5400,3.5,0.37,MEDIUM,49,broadband deals
phone and broadband and tv deals,5400,3.5,0.37,MEDIUM,57,broadband deals
broadband tv phone deals,5400,3.5,0.37,MEDIUM,42,broadband deals
tv phone broadband deals,5400,3.5,0.37,MEDIUM,45,broadband deals
broadband phone tv deals,5400,3.5,0.37,MEDIUM,40,broadband deals
broadband deals tv and phone deals,5400,3.5,0.37,MEDIUM,29,broadband deals
broadband and tv and phone deals,5400,3.5,0.37,MEDIUM,40,broadband deals
phone and broadband tv deals,5400,3.5,0.37,MEDIUM,41,broadband deals
skip hire costs near me,5400,2.38,0.64,MEDIUM,3,skip hire
cost of skip hire near me,5400,2.38,0.64,MEDIUM,3,skip hire
skip hire price near me,5400,2.38,0.64,MEDIUM,4,skip hire
skip hire cost near me,5400,2.38,0.64,MEDIUM,3,skip hire
skip hire prices near me,5400,2.38,0.64,MEDIUM,3,skip hire
skip hire near me prices,5400,2.38,0.64,MEDIUM,0,skip hire
skip hire near me price,5400,2.38,0.64,MEDIUM,3,skip hire
skip for hire near me prices,5400,2.38,0.64,MEDIUM,4,skip hire
am i due a tax return,5400,2.17,0.28,LOW,16,tax return
hmrc check tax return,5400,2.08,0.13,LOW,26,tax return
income drawdown pension calculator,5400,2.17,0.48,MEDIUM,9,pension calculator
pension calculator drawdown,5400,2.17,0.48,MEDIUM,18,pension calculator
pension drawdown calculator,5400,2.17,0.48,MEDIUM,11,pension calculator
drawdown pension calculator,5400,2.17,0.48,MEDIUM,11,pension calculator
pension income drawdown calculator,5400,2.17,0.48,MEDIUM,9,pension calculator
drawdown calculator pension,5400,2.17,0.48,MEDIUM,11,pension calculator
driving lessons in liverpool,5400,1.64,0.52,MEDIUM,0,driving lessons
liverpool driving lessons,5400,1.64,0.52,MEDIUM,0,driving lessons
driving lessons cost,5400,1.23,0.21,LOW,11,driving lessons
driving lessons liverpool uk,5400,1.64,0.52,MEDIUM,14,driving lessons
cost of driving lessons,5400,1.23,0.21,LOW,3,driving lessons
driving lessons liverpool,5400,1.64,0.52,MEDIUM,0,driving lessons
cost for driving lessons,5400,1.23,0.21,LOW,11,driving lessons
aa driving lessons login,5400,0,0,LOW,16,driving lessons
driving lessons and cost,5400,1.23,0.21,LOW,3,driving lessons
cost driving lessons,5400,1.23,0.21,LOW,11,driving lessons
driving lessons charges,5400,1.23,0.21,LOW,3,driving lessons
mot test centre newtownards,5400,1.47,0.07,LOW,8,MOT test
how much does mot test cost,5400,1.76,0.18,LOW,14,MOT test
mot test expiry,5400,2.91,0.05,LOW,22,MOT test
how much does an mot test cost,5400,1.76,0.18,LOW,39,MOT test
residents permit parking,5400,0.84,0,LOW,9,parking permit
parking permit hackney,5400,0,0,LOW,0,parking permit
parking permit for residents,5400,0.84,0,LOW,10,parking permit
residential parking permit,5400,0.84,0,LOW,7,parking permit
residents parking permit,5400,0.84,0,LOW,13,parking permit
parking permit residential,5400,0.84,0,LOW,0,parking permit
resident parking permit,5400,0.84,0,LOW,0,parking permit
parking resident permit,5400,0.84,0,LOW,7,parking permit
parking permit resident,5400,0.84,0,LOW,10,parking permit
residence permit parking,5400,0.84,0,LOW,8,parking permit
hackney parking permit,5400,0,0,LOW,3,parking permit
residential permit parking,5400,0.84,0,LOW,0,parking permit
resident permit parking,5400,0.84,0,LOW,6,parking permit
parking residents permit,5400,0.84,0,LOW,10,parking permit
x6 bus timetable,5400,0.63,0,LOW,0,bus timetable
27 bus timetable,5400,0.34,0,LOW,0,bus timetable
route 15 bus timetable,5400,0.23,0,LOW,0,bus timetable
12 bus timetable,5400,1,0,LOW,0,bus timetable
10 bus timetable,5400,0.85,0,LOW,0,bus timetable
transdev 36 bus timetable,5400,0.45,0,LOW,2,bus timetable
timetable 18 bus,5400,0.58,0,LOW,0,bus timetable
36 bus timetable,5400,0.45,0,LOW,0,bus timetable
bus timetable 56,5400,0.07,0,LOW,0,bus timetable
33 bus timetable,5400,0.7,0,LOW,0,bus timetable
bus timetable 10,5400,0.85,0,LOW,0,bus timetable
arriva bus timetable,5400,0.03,0.16,LOW,42,bus timetable
no 5 bus timetable,5400,0.65,0,LOW,0,bus timetable
34 bus timetable,5400,0,0,LOW,0,bus timetable
timetable bus 33,5400,0.7,0,LOW,0,bus timetable
16 bus timetable,5400,0.69,0,LOW,0,bus timetable
49 bus route timetable,5400,0.19,0,LOW,0,bus timetable
bus timetable 34,5400,0,0,LOW,0,bus timetable
72 bus timetable,5400,0.65,0,LOW,0,bus timetable
no.5 bus timetable,5400,0.65,0,LOW,0,bus timetable
harrogate 36 bus timetable,5400,0.45,0,LOW,0,bus timetable
timetable 36 bus,5400,0.45,0,LOW,0,bus timetable
15 bus route timetable,5400,0.23,0,LOW,0,bus timetable
timetable 42 bus,5400,0.58,0,LOW,0,bus timetable
bus 38 timetable,5400,0.02,0,LOW,0,bus timetable
bus 16 timetable,5400,0.69,0,LOW,0,bus timetable
49 bus timetable,5400,0.19,0,LOW,0,bus timetable
x18 bus timetable,5400,1.1,0,LOW,0,bus timetable
timetable for 36 bus,5400,0.45,0,LOW,0,bus timetable
bus timetable 49,5400,0.19,0,LOW,0,bus timetable
bus route 15 timetable,5400,0.23,0,LOW,0,bus timetable
bus timetable number 5,5400,0.65,0,LOW,0,bus timetable
bus timetable 38,5400,0.02,0,LOW,0,bus timetable
11 bus timetable,5400,0.85,0,LOW,0,bus timetable
bus 42 timetable,5400,0.58,0,LOW,0,bus timetable
timetable bus 11,5400,0.85,0,LOW,0,bus timetable
bus route 38 timetable,5400,0.02,0,LOW,0,bus timetable
bus timetable 53,5400,0.02,0,LOW,0,bus timetable
bus 12 timetable,5400,1,0,LOW,3,bus timetable
42 bus timetable,5400,0.58,0,LOW,0,bus timetable
bus number 5 timetable,5400,0.65,0,LOW,0,bus timetable
bus 101 timetable,5400,0.02,0,LOW,0,bus timetable
bus 49 timetable,5400,0.19,0,LOW,0,bus timetable
38 bus route timetable,5400,0.02,0,LOW,0,bus timetable
number 5 bus timetable,5400,0.65,0,LOW,0,bus timetable
52 bus timetable,5400,0.51,0,LOW,0,bus timetable
18 bus timetable,5400,0.58,0,LOW,0,bus timetable
bus timetable for 33,5400,0.7,0,LOW,0,bus timetable
bus 18 timetable,5400,0.58,0,LOW,0,bus timetable
bus 56 timetable,5400,0.07,0,LOW,0,bus timetable
timetable 33 bus,5400,0.7,0,LOW,0,bus timetable
bus timetable 15,5400,0.23,0,LOW,0,bus timetable
50 bus timetable,5400,0.62,0,LOW,0,bus timetable
bus 15 timetable,5400,0.23,0,LOW,0,bus timetable
cardiff bus timetable,5400,0.25,0,LOW,7,bus timetable
bus 33 timetable,5400,0.7,0,LOW,0,bus timetable
bus 50 timetable,5400,0.62,0,LOW,0,bus timetable
bus no 5 timetable,5400,0.65,0,LOW,0,bus timetable
timetable 15 bus,5400,0.23,0,LOW,0,bus timetable
53 bus timetable,5400,0.02,0,LOW,0,bus timetable
bus 72 timetable,5400,0.65,0,LOW,0,bus timetable
56 bus timetable,5400,0.07,0,LOW,0,bus timetable
bus 52 timetable,5400,0.51,0,LOW,0,bus timetable
bus timetable 12,5400,1,0,LOW,0,bus timetable
bus timetable 33,5400,0.7,0,LOW,0,bus timetable
bus 27 timetable,5400,0.34,0,LOW,0,bus timetable
bus timetable 52,5400,0.51,0,LOW,0,bus timetable
bus 24 timetable,5400,1.37,0,LOW,0,bus timetable
bus timetable 50,5400,0.62,0,LOW,0,bus timetable
bus timetable for 16,5400,0.69,0,LOW,0,bus timetable
bus timetable 27,5400,0.34,0,LOW,0,bus timetable
bus 53 timetable,5400,0.02,0,LOW,0,bus timetable
arriva bus a timetable,5400,0.03,0.16,LOW,27,bus timetable
38 bus timetable,5400,0.02,0,LOW,0,bus timetable
bus timetable 42,5400,0.58,0,LOW,0,bus timetable
bus 11 timetable,5400,0.85,0,LOW,0,bus timetable
bus timetable 18,5400,0.58,0,LOW,0,bus timetable
bus timetable 24,5400,1.37,0,LOW,0,bus timetable
24 bus timetable,5400,1.37,0,LOW,0,bus timetable
bus 34 timetable,5400,0,0,LOW,0,bus timetable
timetable bus 10,5400,0.85,0,LOW,0,bus timetable
bus timetable 11,5400,0.85,0,LOW,0,bus timetable
101 bus timetable,5400,0.02,0,LOW,0,bus timetable
timetable for 101 bus,5400,0.02,0,LOW,0,bus timetable
bus 10 timetable,5400,0.85,0,LOW,0,bus timetable
15 bus timetable,5400,0.23,0,LOW,0,bus timetable
financial apprenticeship,5400,2.29,0.43,MEDIUM,0,apprenticeship
apprenticeship amazon,5400,2.44,0.03,LOW,0,apprenticeship
apprenticeship jobs for electrician,5400,2.02,0.22,LOW,0,apprenticeship
electrical apprenticeship jobs,5400,2.02,0.22,LOW,12,apprenticeship
apprenticeship jobs electrician,5400,2.02,0.22,LOW,0,apprenticeship
apprenticeship near.me,5400,1.47,0.34,MEDIUM,63,apprenticeship
accounting apprenticeship,5400,3.24,0.63,MEDIUM,2,apprenticeship
electrician apprenticeship job,5400,2.02,0.22,LOW,0,apprenticeship
job electrician apprenticeship,5400,2.02,0.22,LOW,3,apprenticeship
apprenticeship 2026,5400,1.56,0.02,LOW,38,apprenticeship
hairdresser apprenticeship,5400,1.46,0.31,LOW,0,apprenticeship
raf apprenticeship,5400,0.45,0.15,LOW,0,apprenticeship
bmw apprenticeship,5400,1.3,0.05,LOW,0,apprenticeship
apprenticeship raf,5400,0.45,0.15,LOW,7,apprenticeship
apprenticeship electrician jobs,5400,2.02,0.22,LOW,0,apprenticeship
apprenticeship gov uk,5400,2.04,0.15,LOW,61,apprenticeship
what is an apprenticeship job,5400,0.95,0.02,LOW,41,apprenticeship
what is an apprenticeship,5400,0.95,0.02,LOW,28,apprenticeship
apprenticeship bmw,5400,1.3,0.05,LOW,0,apprenticeship
apprenticeship birmingham,5400,1.85,0.46,MEDIUM,0,apprenticeship
level 7 apprenticeship,5400,2.61,0.17,LOW,11,apprenticeship
what is apprenticeship,5400,0.95,0.02,LOW,28,apprenticeship
accounts apprenticeship,5400,3.24,0.63,MEDIUM,2,apprenticeship
hair apprenticeship,5400,1.46,0.31,LOW,0,apprenticeship
apprenticeship with bmw,5400,1.3,0.05,LOW,0,apprenticeship
electrician apprenticeship jobs,5400,2.02,0.22,LOW,11,apprenticeship
hairdressing apprenticeship,5400,1.46,0.31,LOW,0,apprenticeship
apprenticeship level 7,5400,2.61,0.17,LOW,16,apprenticeship
hairdressers apprenticeship,5400,1.46,0.31,LOW,3,apprenticeship
apprenticeship hair stylist,5400,1.46,0.31,LOW,1,apprenticeship
civil service apprenticeship,5400,2.02,0.07,LOW,10,apprenticeship
electricians apprenticeship jobs,5400,2.02,0.22,LOW,0,apprenticeship
amazon apprenticeship,5400,2.44,0.03,LOW,0,apprenticeship
apprenticeship near me,5400,1.47,0.34,MEDIUM,41,apprenticeship
qa apprenticeship,5400,1.25,0.18,LOW,18,apprenticeship
jobs electrician apprenticeship,5400,2.02,0.22,LOW,9,apprenticeship
finance apprenticeship,5400,2.29,0.43,MEDIUM,0,apprenticeship
degree apprenticeship,5400,1.79,0.28,LOW,28,apprenticeship
marketing apprenticeship,5400,1.95,0.45,MEDIUM,13,apprenticeship
apprenticeship civil service,5400,2.02,0.07,LOW,20,apprenticeship
electrical apprenticeship job,5400,2.02,0.22,LOW,11,apprenticeship
quality assurance apprenticeship,5400,1.25,0.18,LOW,0,apprenticeship
how to obtain cscs card,5400,1.82,0.66,MEDIUM,50,CSCS card
how to apply for cscs card,5400,1.82,0.66,MEDIUM,38,CSCS card
how to get a cscs card,5400,1.82,0.66,MEDIUM,50,CSCS card
how to.get a cscs card,5400,1.82,0.66,MEDIUM,38,CSCS card
how to get cscs card,5400,1.82,0.66,MEDIUM,38,CSCS card
how do i get a cscs card,5400,1.82,0.66,MEDIUM,50,CSCS card
licence for forklift,5400,1.89,0.51,MEDIUM,0,forklift licence
cut energy bill by reducing thermostat,4400,4.9,0.3,LOW,37,energy bill
sky broadband & tv deals,4400,2.09,0.58,MEDIUM,32,broadband deals
home broadband only deals,4400,6.62,0.58,MEDIUM,55,broadband deals
best phone broadband and tv deals,4400,2.81,0.18,LOW,32,broadband deals
broadband fibre deals,4400,6.93,0.65,MEDIUM,22,broadband deals
broadband only deals,4400,6.62,0.58,MEDIUM,55,broadband deals
broadband deals fibre,4400,6.93,0.65,MEDIUM,43,broadband deals
best broadband phone and tv deals,4400,2.81,0.18,LOW,32,broadband deals
best broadband phone tv deals,4400,2.81,0.18,LOW,37,broadband deals
best broadband and phone and tv deals,4400,2.81,0.18,LOW,38,broadband deals
just broadband deals,4400,6.62,0.58,MEDIUM,55,broadband deals
best tv broadband and phone deals,4400,2.81,0.18,LOW,32,broadband deals
best tv broadband and telephone deals,4400,2.81,0.18,LOW,38,broadband deals
best broadband tv and phone deals,4400,2.81,0.18,LOW,38,broadband deals
best broadband tv and telephone deals,4400,2.81,0.18,LOW,38,broadband deals
broadband fiber deals,4400,6.93,0.65,MEDIUM,29,broadband deals
best tv broadband phone deals,4400,2.81,0.18,LOW,37,broadband deals
sky broadband and tv deals,4400,2.09,0.58,MEDIUM,37,broadband deals
deals on fibre broadband,4400,6.93,0.65,MEDIUM,43,broadband deals
deals on broadband only,4400,6.62,0.58,MEDIUM,23,broadband deals
fibre broadband deals,4400,6.93,0.65,MEDIUM,43,broadband deals
best deals broadband tv and phone,4400,2.81,0.18,LOW,32,broadband deals
best tv phone and broadband deals,4400,2.81,0.18,LOW,32,broadband deals
sky broadband deals tv,4400,2.09,0.58,MEDIUM,32,broadband deals
broadband deals only,4400,6.62,0.58,MEDIUM,38,broadband deals
best phone and broadband and tv deals,4400,2.81,0.18,LOW,32,broadband deals
best deals for tv broadband and phone,4400,2.81,0.18,LOW,32,broadband deals
best deals phone broadband and tv,4400,2.81,0.18,LOW,32,broadband deals
best broadband tv phone deals,4400,2.81,0.18,LOW,28,broadband deals
best tv and broadband and phone deals,4400,2.81,0.18,LOW,32,broadband deals
sky broadband tv deals,4400,2.09,0.58,MEDIUM,58,broadband deals
best deals on broadband tv and telephone,4400,2.81,0.18,LOW,38,broadband deals
best tv phone broadband deals,4400,2.81,0.18,LOW,37,broadband deals
broadband tv and phone best deals,4400,2.81,0.18,LOW,32,broadband deals
tv broadband phone best deals,4400,2.81,0.18,LOW,37,broadband deals
sky broadband and television deals,4400,2.09,0.58,MEDIUM,30,broadband deals
best broadband and tv and phone deals,4400,2.81,0.18,LOW,32,broadband deals
best deals on tv broadband and phone,4400,2.81,0.18,LOW,32,broadband deals
how much to hire a skip,4400,1.56,0.54,MEDIUM,0,skip hire
how much skip hire,4400,1.56,0.54,MEDIUM,0,skip hire
how much to hire skip,4400,1.56,0.54,MEDIUM,0,skip hire
how much is to hire a skip,4400,1.56,0.54,MEDIUM,0,skip hire
how.much is skip hire,4400,1.56,0.54,MEDIUM,0,skip hire
how much is it to hire a skip,4400,1.56,0.54,MEDIUM,0,skip hire
how much hire skip,4400,1.56,0.54,MEDIUM,0,skip hire
how much is skip hire,4400,1.56,0.54,MEDIUM,0,skip hire
how much is a skip hire,4400,1.56,0.54,MEDIUM,0,skip hire
how much are skip hire,4400,1.56,0.54,MEDIUM,0,skip hire
how much for a skip hire,4400,1.56,0.54,MEDIUM,0,skip hire
how much for skip hire,4400,1.56,0.54,MEDIUM,0,skip hire
how much boiler service,4400,3.73,0.56,MEDIUM,15,boiler service
how much is it for a boiler service,4400,3.73,0.56,MEDIUM,3,boiler service
how much to service a boiler,4400,3.73,0.56,MEDIUM,0,boiler service
how much to service boiler,4400,3.73,0.56,MEDIUM,1,boiler service
how much for boiler service,4400,3.73,0.56,MEDIUM,0,boiler service
how much for a boiler service,4400,3.73,0.56,MEDIUM,3,boiler service
how much is it to service a boiler,4400,3.73,0.56,MEDIUM,3,boiler service
how much is boiler service,4400,3.73,0.56,MEDIUM,0,boiler service
british gas boiler repair service,4400,3.85,0.65,MEDIUM,21,boiler service
how much is a boiler service,4400,3.73,0.56,MEDIUM,0,boiler service
deadline for income tax return,4400,2.52,0.09,LOW,15,tax return
self-employed tax return,4400,9.11,0.32,LOW,40,tax return
self employed tax return,4400,9.11,0.32,LOW,40,tax return
tax return deadline,4400,2.52,0.09,LOW,14,tax return
tax return deadlines,4400,2.52,0.09,LOW,14,tax return
tax return self employment,4400,9.11,0.32,LOW,40,tax return
tax return as self employed,4400,9.11,0.32,LOW,40,tax return
tax return when self employed,4400,9.11,0.32,LOW,33,tax return
value added tax return,4400,31.05,0.26,LOW,27,tax return
deadline of tax return,4400,2.52,0.09,LOW,14,tax return
self employment on tax return,4400,9.11,0.32,LOW,40,tax return
tax claim return,4400,3.55,0.05,LOW,30,tax return
deadline for tax return,4400,2.52,0.09,LOW,8,tax return
tax return self employed,4400,9.11,0.32,LOW,33,tax return
tax return self-employed,4400,9.11,0.32,LOW,40,tax return
tax return for employed and self employed,4400,9.11,0.32,LOW,18,tax return
self employed and employed tax return,4400,9.11,0.32,LOW,18,tax return
tax return for self employment,4400,9.11,0.32,LOW,40,tax return
tax return for self employed,4400,9.11,0.32,LOW,40,tax return
pension contribution calculator,4400,2.41,0.11,LOW,32,pension calculator
pension salary exchange calculator,4400,3.27,0.09,LOW,0,pension calculator
pension calculator annuity,4400,4.42,0.6,MEDIUM,13,pension calculator
salary sacrifice calculator pension,4400,3.27,0.09,LOW,0,pension calculator
pension calculator contributions,4400,2.41,0.11,LOW,37,pension calculator
salary sacrifice pension scheme calculator,4400,3.27,0.09,LOW,0,pension calculator
pension calculator contribution,4400,2.41,0.11,LOW,33,pension calculator
pension annuity calculator,4400,4.42,0.6,MEDIUM,13,pension calculator
salary sacrifice pension calculator,4400,3.27,0.09,LOW,0,pension calculator
private pension calculator,4400,3.53,0.59,MEDIUM,32,pension calculator
contribution pension calculator,4400,2.41,0.11,LOW,39,pension calculator
pension salary sacrifice calculator,4400,3.27,0.09,LOW,0,pension calculator
pension annuities calculator,4400,4.42,0.6,MEDIUM,10,pension calculator
pension contributions calculator,4400,2.41,0.11,LOW,44,pension calculator
annuity pension calculator,4400,4.42,0.6,MEDIUM,13,pension calculator
pension calculator private,4400,3.53,0.59,MEDIUM,32,pension calculator
calculator for pension contributions,4400,2.41,0.11,LOW,38,pension calculator
salary exchange pension calculator,4400,3.27,0.09,LOW,0,pension calculator
pension calculator salary sacrifice,4400,3.27,0.09,LOW,0,pension calculator
apprenticeships for physiotherapy,4400,1.99,0.31,LOW,9,physiotherapy
apprenticeship for physiotherapy,4400,1.99,0.31,LOW,11,physiotherapy
how much are driving lessons in the uk,4400,1.28,0.19,LOW,10,driving lessons
driving lessons in manchester uk,4400,1.95,0.64,MEDIUM,14,driving lessons
leeds driving lessons,4400,1.57,0.48,MEDIUM,21,driving lessons
driving lessons bristol,4400,1.9,0.54,MEDIUM,27,driving lessons
driving lessons in leeds,4400,1.57,0.48,MEDIUM,0,driving lessons
manchester driving lessons,4400,1.95,0.64,MEDIUM,12,driving lessons
driving lessons in bristol,4400,1.9,0.54,MEDIUM,27,driving lessons
how much are driving lessons uk,4400,1.28,0.19,LOW,10,driving lessons
how much for driving lessons uk,4400,1.28,0.19,LOW,11,driving lessons
coventry driving lessons,4400,1.92,0.45,MEDIUM,3,driving lessons
driving lessons coventry,4400,1.92,0.45,MEDIUM,3,driving lessons
bristol driving lessons,4400,1.9,0.54,MEDIUM,15,driving lessons
driving lessons in coventry,4400,1.92,0.45,MEDIUM,3,driving lessons
driving lessons bristol uk,4400,1.9,0.54,MEDIUM,27,driving lessons
driving lessons manchester,4400,1.95,0.64,MEDIUM,18,driving lessons
driving lessons in coventry uk,4400,1.92,0.45,MEDIUM,3,driving lessons
driving lessons leeds,4400,1.57,0.48,MEDIUM,21,driving lessons
driving lessons in manchester,4400,1.95,0.64,MEDIUM,18,driving lessons
driving lessons manchester uk,4400,1.95,0.64,MEDIUM,14,driving lessons
how much is driving lessons in uk,4400,1.28,0.19,LOW,22,driving lessons
how much is driving lessons in the uk,4400,1.28,0.19,LOW,22,driving lessons
mot test motorbike,4400,1.11,0.12,LOW,0,MOT test
northern ireland mot test,4400,1.45,0.01,LOW,50,MOT test
mot test motorcycle,4400,1.11,0.12,LOW,0,MOT test
mot test ni retest,4400,1.03,0.01,LOW,15,MOT test
mot test n i,4400,1.45,0.01,LOW,51,MOT test
motorcycle mot test,4400,1.11,0.12,LOW,1,MOT test
bike mot test,4400,1.11,0.12,LOW,0,MOT test
mot test ni,4400,1.45,0.01,LOW,33,MOT test
mot test in northern ireland,4400,1.45,0.01,LOW,20,MOT test
mot test for motorcycle,4400,1.11,0.12,LOW,0,MOT test
mot test n ireland,4400,1.45,0.01,LOW,26,MOT test
mot test for motorcycles,4400,1.11,0.12,LOW,0,MOT test
mot test northern ireland,4400,1.45,0.01,LOW,50,MOT test
wandsworth parking permit,4400,0,0,LOW,15,parking permit
parking permit wandsworth,4400,0,0,LOW,1,parking permit
parking permit barking,4400,0,0,LOW,6,parking permit
barking and dagenham parking permit,4400,0,0,LOW,15,parking permit
parking permit barking and dagenham,4400,0,0,LOW,6,parking permit
lbbd parking permit,4400,0,0,LOW,14,parking permit
bus 44 timetable,4400,0.11,0,LOW,0,bus timetable
13 bus timetable,4400,0.92,0,LOW,0,bus timetable
bus timetable 43,4400,0.92,0,LOW,0,bus timetable
bus timetable 19,4400,0.52,0,LOW,0,bus timetable
63 bus timetable,4400,0.73,0,LOW,0,bus timetable
bus 203 timetable,4400,0,0,LOW,0,bus timetable
76 bus timetable,4400,0.26,0,LOW,0,bus timetable
bus timetable 13,4400,0.92,0,LOW,0,bus timetable
bus timetable 44,4400,0.11,0,LOW,0,bus timetable
bus 13 timetable,4400,0.92,0,LOW,0,bus timetable
timetable 84 bus,4400,0.85,0,LOW,0,bus timetable
bus number 11 timetable,4400,0.52,0,LOW,0,bus timetable
bus timetable manchester,4400,1.36,0,LOW,38,bus timetable
bus timetable number 11,4400,0.52,0,LOW,4,bus timetable
67 bus route timetable,4400,0.8,0,LOW,0,bus timetable
no 12 bus timetable,4400,0.52,0,LOW,0,bus timetable
203 bus timetable,4400,0,0,LOW,0,bus timetable
19 bus timetable,4400,0.52,0,LOW,0,bus timetable
bus timetable 6,4400,0.58,0,LOW,0,bus timetable
tfl bus timetable live,4400,0.41,0,LOW,39,bus timetable
bus timetable 4,4400,1.03,0,LOW,0,bus timetable
59 bus timetable,4400,0.53,0,LOW,0,bus timetable
bus timetable 84,4400,0.85,0,LOW,0,bus timetable
bus route 64 timetable,4400,0.39,0,LOW,0,bus timetable
67 bus timetable,4400,0.8,0,LOW,0,bus timetable
4 bus timetable,4400,1.03,0,LOW,0,bus timetable
bus timetable: manchester,4400,1.36,0,LOW,24,bus timetable
bus timetable 71,4400,0.72,0,LOW,0,bus timetable
bus timetable 64,4400,0.39,0,LOW,0,bus timetable
bus 76 timetable,4400,0.26,0,LOW,0,bus timetable
84 bus timetable,4400,0.85,0,LOW,0,bus timetable
bus 4 timetable,4400,1.03,0,LOW,0,bus timetable
bus no 11 timetable,4400,0.52,0,LOW,0,bus timetable
timetable 44 bus,4400,0.11,0,LOW,0,bus timetable
bus timetable 14,4400,0.75,0,LOW,0,bus timetable
14 bus route timetable,4400,0.75,0,LOW,0,bus timetable
bus route 13 timetable,4400,0.92,0,LOW,6,bus timetable
bus route 81 timetable,4400,0.15,0,LOW,0,bus timetable
timetable for no 11 bus,4400,0.52,0,LOW,0,bus timetable
bus timetable 59,4400,0.53,0,LOW,0,bus timetable
no 11 bus timetable,4400,0.52,0,LOW,0,bus timetable
number 12 bus timetable,4400,0.52,0,LOW,0,bus timetable
43 bus timetable,4400,0.92,0,LOW,0,bus timetable
bus 301 timetable,4400,0,0,LOW,0,bus timetable
t1 bus timetable,4400,0,0,LOW,0,bus timetable
bus timetable 29,4400,0.53,0,LOW,0,bus timetable
bus 64 timetable,4400,0.39,0,LOW,0,bus timetable
route 19 bus timetable,4400,0.52,0,LOW,0,bus timetable
manchester bus timetable,4400,1.36,0,LOW,24,bus timetable
bus national express timetable,4400,0.31,0.04,LOW,34,bus timetable
bus timetable 37,4400,0.37,0,LOW,0,bus timetable
6 bus timetable,4400,0.58,0,LOW,0,bus timetable
bus manchester timetable,4400,1.36,0,LOW,24,bus timetable
5 bus timetable,4400,0.76,0,LOW,0,bus timetable
bus timetable for 76,4400,0.26,0,LOW,0,bus timetable
13 bus route timetable,4400,0.92,0,LOW,0,bus timetable
bus 43 timetable,4400,0.92,0,LOW,0,bus timetable
bus timetable 5,4400,0.76,0,LOW,0,bus timetable
bus 6 timetable,4400,0.58,0,LOW,0,bus timetable
64 bus timetable,4400,0.39,0,LOW,0,bus timetable
37 bus timetable,4400,0.37,0,LOW,0,bus timetable
bus number 12 timetable,4400,0.52,0,LOW,0,bus timetable
bus 84 timetable,4400,0.85,0,LOW,0,bus timetable
no.12 bus timetable,4400,0.52,0,LOW,0,bus timetable
bus 14 timetable,4400,0.75,0,LOW,0,bus timetable
number 11 bus timetable,4400,0.52,0,LOW,4,bus timetable
29 bus timetable,4400,0.53,0,LOW,0,bus timetable
301 bus timetable,4400,0,0,LOW,0,bus timetable
bus 67 timetable,4400,0.8,0,LOW,0,bus timetable
bus timetable number 12,4400,0.52,0,LOW,0,bus timetable
x21 bus timetable,4400,0.52,0,LOW,0,bus timetable
bus 37 timetable,4400,0.37,0,LOW,0,bus timetable
timetable 37 bus,4400,0.37,0,LOW,0,bus timetable
bus timetable to manchester,4400,1.36,0,LOW,24,bus timetable
bus 71 timetable,4400,0.72,0,LOW,0,bus timetable
bus timetable 63,4400,0.73,0,LOW,0,bus timetable
bus 5 timetable,4400,0.76,0,LOW,0,bus timetable
71 bus timetable,4400,0.72,0,LOW,0,bus timetable
bus 81 timetable,4400,0.15,0,LOW,0,bus timetable
bus 19 timetable,4400,0.52,0,LOW,0,bus timetable
44 bus timetable,4400,0.11,0,LOW,0,bus timetable
81 bus timetable,4400,0.15,0,LOW,0,bus timetable
81 bus route timetable,4400,0.15,0,LOW,0,bus timetable
64 bus route timetable,4400,0.39,0,LOW,0,bus timetable
bus route 84 timetable,4400,0.85,0,LOW,0,bus timetable
timetable for number 11 bus,4400,0.52,0,LOW,4,bus timetable
14 bus timetable,4400,0.75,0,LOW,0,bus timetable
bricklayer apprenticeship,4400,1.53,0.51,MEDIUM,2,apprenticeship
find an apprenticeship gov,4400,2.17,0.09,LOW,51,apprenticeship
electrical apprenticeship near me,4400,2.88,0.51,MEDIUM,28,apprenticeship
vet nursing apprenticeship,4400,1.59,0.32,LOW,0,apprenticeship
human resource apprenticeship,4400,7.07,0.43,MEDIUM,5,apprenticeship
veterinary nurse apprenticeship,4400,1.59,0.32,LOW,0,apprenticeship
apprenticeship in vet nursing,4400,1.59,0.32,LOW,0,apprenticeship
apprenticeship in joinery,4400,1.25,0.37,MEDIUM,6,apprenticeship
policing apprenticeship,4400,1.62,0.15,LOW,5,apprenticeship
apprenticeship vet nursing,4400,1.59,0.32,LOW,0,apprenticeship
rate my apprenticeship,4400,0.97,0.11,LOW,0,apprenticeship
electrical engineer apprenticeship,4400,3.36,0.4,MEDIUM,0,apprenticeship
apprenticeship for bricklaying,4400,1.53,0.51,MEDIUM,2,apprenticeship
jaguar land rover apprenticeship,4400,0.91,0.06,LOW,4,apprenticeship
apprenticeship network rail,4400,1.08,0.04,LOW,2,apprenticeship
army apprenticeship,4400,0.6,0.16,LOW,0,apprenticeship
apprenticeship leeds,4400,1.81,0.37,MEDIUM,4,apprenticeship
apprenticeship electrical engineering,4400,3.36,0.4,MEDIUM,0,apprenticeship
project management apprenticeship,4400,4.51,0.59,MEDIUM,0,apprenticeship
find an apprenticeship gov uk,4400,2.17,0.09,LOW,51,apprenticeship
level 4 apprenticeship,4400,1.83,0.26,LOW,13,apprenticeship
gov.uk find an apprenticeship,4400,2.17,0.09,LOW,54,apprenticeship
gov.uk apprenticeship,4400,2.1,0.11,LOW,58,apprenticeship
human resources apprenticeship,4400,7.07,0.43,MEDIUM,0,apprenticeship
level 4 it apprenticeship,4400,1.83,0.26,LOW,2,apprenticeship
law of apprenticeship,4400,2.18,0.5,MEDIUM,16,apprenticeship
apprenticeship in leeds,4400,1.81,0.37,MEDIUM,4,apprenticeship
apprenticeship legal,4400,2.18,0.5,MEDIUM,14,apprenticeship
national grid apprenticeship,4400,1.66,0.04,LOW,0,apprenticeship
apprenticeship for law,4400,2.18,0.5,MEDIUM,16,apprenticeship
it apprenticeship level 4,4400,1.83,0.26,LOW,2,apprenticeship
apprenticeship law,4400,2.18,0.5,MEDIUM,21,apprenticeship
apprenticeship for electrical engineering,4400,3.36,0.4,MEDIUM,0,apprenticeship
apprenticeship jaguar land rover,4400,0.91,0.06,LOW,4,apprenticeship
apprenticeship in electrical engineering,4400,3.36,0.4,MEDIUM,0,apprenticeship
apprenticeship level 4,4400,1.83,0.26,LOW,20,apprenticeship
solicitors apprenticeship,4400,2.35,0.35,MEDIUM,12,apprenticeship
apprenticeship bricklaying,4400,1.53,0.51,MEDIUM,2,apprenticeship
gov uk apprenticeship,4400,2.1,0.11,LOW,60,apprenticeship
degree apprenticeship near me,4400,1.42,0.55,MEDIUM,50,apprenticeship
apprenticeship glasgow,4400,1.11,0.43,MEDIUM,0,apprenticeship
gov uk find an apprenticeship,4400,2.17,0.09,LOW,53,apprenticeship
leeds apprenticeship,4400,1.81,0.37,MEDIUM,4,apprenticeship
apprenticeship project manager,4400,4.51,0.59,MEDIUM,0,apprenticeship
find apprenticeship gov,4400,2.17,0.09,LOW,63,apprenticeship
jlr apprenticeship,4400,0.91,0.06,LOW,9,apprenticeship
apprenticeship in bricklaying,4400,1.53,0.51,MEDIUM,2,apprenticeship
apprenticeship bricklayer,4400,1.53,0.51,MEDIUM,2,apprenticeship
apprenticeship british airways,4400,2.34,0.02,LOW,0,apprenticeship
physiotherapist apprenticeship,4400,1.99,0.31,LOW,0,apprenticeship
project manager apprenticeship,4400,4.51,0.59,MEDIUM,0,apprenticeship
hr apprenticeship,4400,7.07,0.43,MEDIUM,3,apprenticeship
apprenticeship 2025,4400,0.7,0,LOW,45,apprenticeship
joinery apprenticeship,4400,1.25,0.37,MEDIUM,6,apprenticeship
apprenticeship with british airways,4400,2.34,0.02,LOW,6,apprenticeship
apprenticeship joiner,4400,1.25,0.37,MEDIUM,0,apprenticeship
apprenticeship level 3,4400,2.2,0.34,MEDIUM,18,apprenticeship
electrical engineering apprenticeship,4400,3.36,0.4,MEDIUM,0,apprenticeship
police apprenticeship,4400,1.62,0.15,LOW,12,apprenticeship
apprenticeship in law,4400,2.18,0.5,MEDIUM,16,apprenticeship
jaguar and land rover apprenticeship,4400,0.91,0.06,LOW,9,apprenticeship
vet nurse apprenticeship,4400,1.59,0.32,LOW,0,apprenticeship
apprenticeship data analyst,4400,3.48,0.63,MEDIUM,0,apprenticeship
apprenticeship veterinary nurse,4400,1.59,0.32,LOW,14,apprenticeship
national apprenticeship week 2026,4400,2.6,0.12,LOW,41,apprenticeship
bricklaying apprenticeship,4400,1.53,0.51,MEDIUM,2,apprenticeship
apprenticeship in glasgow,4400,1.11,0.43,MEDIUM,0,apprenticeship
veterinary nursing apprenticeship,4400,1.59,0.32,LOW,0,apprenticeship
electricians apprenticeship near me,4400,2.88,0.51,MEDIUM,7,apprenticeship
find apprenticeship gov uk,4400,2.17,0.09,LOW,54,apprenticeship
bricklayers apprenticeship,4400,1.53,0.51,MEDIUM,2,apprenticeship
level 3 apprenticeship,4400,2.2,0.34,MEDIUM,18,apprenticeship
apprenticeship solicitor,4400,2.35,0.35,MEDIUM,14,apprenticeship
joiner apprenticeship,4400,1.25,0.37,MEDIUM,0,apprenticeship
apprenticeship project management,4400,4.51,0.59,MEDIUM,0,apprenticeship
network rail apprenticeship,4400,1.08,0.04,LOW,3,apprenticeship
apprenticeship vet nurse,4400,1.59,0.32,LOW,0,apprenticeship
apprenticeship joinery,4400,1.25,0.37,MEDIUM,0,apprenticeship
apprenticeship in project management,4400,4.51,0.59,MEDIUM,0,apprenticeship
data analyst apprenticeship,4400,3.48,0.63,MEDIUM,0,apprenticeship
british airways apprenticeship,4400,2.34,0.02,LOW,6,apprenticeship
apprenticeship jlr,4400,0.91,0.06,LOW,9,apprenticeship
price for cscs card,4400,1.38,0.49,MEDIUM,0,CSCS card
cscs card cost,4400,1.38,0.49,MEDIUM,7,CSCS card
cscs card costs,4400,1.38,0.49,MEDIUM,34,CSCS card
cost for cscs card,4400,1.38,0.49,MEDIUM,7,CSCS card
cscs card uk price,4400,1.38,0.49,MEDIUM,0,CSCS card
cost of cscs card,4400,1.38,0.49,MEDIUM,7,CSCS card
cscs card price,4400,1.38,0.49,MEDIUM,0,CSCS card
forklift truck licence,4400,1.83,0.4,MEDIUM,17,forklift licence
forklift licence,4400,1.83,0.4,MEDIUM,0,forklift licence
best deals on broadband uk,3600,5.42,0.61,MEDIUM,72,broadband deals
broadband uk best deals,3600,5.42,0.61,MEDIUM,61,broadband deals
best broadband package deals uk,3600,5.42,0.61,MEDIUM,61,broadband deals
uk best broadband deals,3600,5.42,0.61,MEDIUM,61,broadband deals
plusnet deals broadband,3600,1.26,0.5,MEDIUM,14,broadband deals
uk broadband best deals,3600,5.42,0.61,MEDIUM,61,broadband deals
best broadband deals in uk,3600,5.42,0.61,MEDIUM,61,broadband deals
broadband deals plusnet,3600,1.26,0.5,MEDIUM,10,broadband deals
broadband best deals uk,3600,5.42,0.61,MEDIUM,61,broadband deals
top broadband deals uk,3600,5.42,0.61,MEDIUM,67,broadband deals
best deals broadband uk,3600,5.42,0.61,MEDIUM,71,broadband deals
good broadband deals uk,3600,5.42,0.61,MEDIUM,61,broadband deals
plusnet broadband deals,3600,1.26,0.5,MEDIUM,11,broadband deals
best broadband uk deals,3600,5.42,0.61,MEDIUM,65,broadband deals
best broadband deals in the uk,3600,5.42,0.61,MEDIUM,61,broadband deals
best uk broadband deals,3600,5.42,0.61,MEDIUM,61,broadband deals
best broadband deals uk,3600,5.42,0.61,MEDIUM,61,broadband deals
best deals for broadband uk,3600,5.42,0.61,MEDIUM,61,broadband deals
quick skip hire,3600,2.78,0.2,LOW,22,skip hire
quick skip hire ltd,3600,2.78,0.2,LOW,0,skip hire
gas boiler service,3600,6.55,0.66,MEDIUM,25,boiler service
gas service boiler,3600,6.55,0.66,MEDIUM,25,boiler service
gas and boiler service,3600,6.55,0.66,MEDIUM,30,boiler service
service a gas boiler,3600,6.55,0.66,MEDIUM,25,boiler service
gas boiler service near me,3600,5.11,0.66,MEDIUM,29,boiler service
service for gas boiler,3600,6.55,0.66,MEDIUM,25,boiler service
boiler service gas,3600,6.55,0.66,MEDIUM,25,boiler service
boiler and gas service,3600,6.55,0.66,MEDIUM,30,boiler service
service gas boiler,3600,6.55,0.66,MEDIUM,25,boiler service
boiler gas service,3600,6.55,0.66,MEDIUM,25,boiler service
gov.uk tax return,3600,3.12,0.13,LOW,55,tax return
income tax return login,3600,0,0,LOW,82,tax return
tax filing return,3600,6.02,0.18,LOW,52,tax return
hmrc tax return log in,3600,3.46,0.01,LOW,52,tax return
uk tax return filing deadline,3600,3.08,0.07,LOW,15,tax return
uk deadline for tax return,3600,3.08,0.07,LOW,9,tax return
tax return filing deadline uk,3600,3.08,0.07,LOW,20,tax return
tax return uk gov,3600,3.12,0.13,LOW,55,tax return
tax return uk deadline,3600,3.08,0.07,LOW,9,tax return
hmrc tax return login,3600,3.46,0.01,LOW,51,tax return
file tax return,3600,6.02,0.18,LOW,52,tax return
gov uk tax return,3600,3.12,0.13,LOW,55,tax return
income tax return site login,3600,0,0,LOW,82,tax return
uk government tax return,3600,3.12,0.13,LOW,47,tax return
uk gov tax return,3600,3.12,0.13,LOW,47,tax return
tax return deadlines uk,3600,3.08,0.07,LOW,9,tax return
income tax return india login,3600,0,0,LOW,80,tax return
uk income tax return deadline,3600,3.08,0.07,LOW,9,tax return
tax return hmrc login,3600,3.46,0.01,LOW,51,tax return
login for income tax return,3600,0,0,LOW,80,tax return
deadline uk tax return,3600,3.08,0.07,LOW,9,tax return
uk tax return deadline,3600,3.08,0.07,LOW,17,tax return
uk online tax return deadline,3600,3.08,0.07,LOW,13,tax return
government uk tax return,3600,3.12,0.13,LOW,60,tax return
uk tax return online deadline,3600,3.08,0.07,LOW,8,tax return
tax return online uk deadline,3600,3.08,0.07,LOW,6,tax return
login to income tax return,3600,0,0,LOW,76,tax return
tax file return,3600,6.02,0.18,LOW,52,tax return
deadline tax return uk,3600,3.08,0.07,LOW,9,tax return
filing tax return,3600,6.02,0.18,LOW,52,tax return
deadline for tax return uk,3600,3.08,0.07,LOW,9,tax return
hm revenue tax return login,3600,3.46,0.01,LOW,51,tax return
tax return file,3600,6.02,0.18,LOW,52,tax return
tax return gov uk,3600,3.12,0.13,LOW,74,tax return
deadline for uk tax return,3600,3.08,0.07,LOW,9,tax return
file for tax return,3600,6.02,0.18,LOW,52,tax return
uk tax return deadlines,3600,3.08,0.07,LOW,9,tax return
gov co uk tax return,3600,3.12,0.13,LOW,35,tax return
tax return uk government,3600,3.12,0.13,LOW,60,tax return
hm revenue and customs tax return login,3600,3.46,0.01,LOW,51,tax return
online tax return deadline uk,3600,3.08,0.07,LOW,17,tax return
tax return deadline uk,3600,3.08,0.07,LOW,16,tax return
hmrc login tax return,3600,3.46,0.01,LOW,51,tax return
tax return filing,3600,6.02,0.18,LOW,52,tax return
filing for tax return,3600,6.02,0.18,LOW,52,tax return
teacher pension uk calculator,3600,2.9,0.02,LOW,0,pension calculator
teachers pension uk calculator,3600,2.9,0.02,LOW,0,pension calculator
tps pension calculator,3600,2.9,0.02,LOW,0,pension calculator
pension pot calculator,3600,1.84,0.34,MEDIUM,26,pension calculator
teachers pension calculator,3600,2.9,0.02,LOW,0,pension calculator
teachers pension scheme calculator,3600,2.9,0.02,LOW,0,pension calculator
uk teacher pension calculator,3600,2.9,0.02,LOW,0,pension calculator
uk teachers pension calculator,3600,2.9,0.02,LOW,8,pension calculator
teaching pension calculator,3600,2.9,0.02,LOW,0,pension calculator
teacher pension scheme calculator,3600,2.9,0.02,LOW,0,pension calculator
teacher pension calculator,3600,2.9,0.02,LOW,5,pension calculator
armed forces pension calculator,3600,4.54,0,LOW,3,pension calculator
salary for physiotherapy,3600,0,0,LOW,13,physiotherapy
jobs in physiotherapy assistant,3600,1.03,0.09,LOW,0,physiotherapy
physiotherapy assistant job,3600,1.03,0.09,LOW,0,physiotherapy
assistant physiotherapy jobs,3600,1.03,0.09,LOW,0,physiotherapy
physiotherapy assistant vacancies,3600,1.03,0.09,LOW,0,physiotherapy
physiotherapy assistant jobs,3600,1.03,0.09,LOW,0,physiotherapy
jobs for physiotherapy assistant,3600,1.03,0.09,LOW,0,physiotherapy
physiotherapy assistant vacancy,3600,1.03,0.09,LOW,0,physiotherapy
chartered.society of physiotherapy,3600,1.4,0.03,LOW,20,physiotherapy
chartered society of physiotherapy,3600,1.4,0.03,LOW,33,physiotherapy
hearing test on nhs,3600,4.74,0.62,MEDIUM,7,hearing test
nhs hearing test,3600,4.74,0.62,MEDIUM,29,hearing test
hearing test nhs,3600,4.74,0.62,MEDIUM,29,hearing test
prices of driving lessons,3600,1.32,0.27,LOW,7,driving lessons
driving lessons in sheffield,3600,1.81,0.58,MEDIUM,0,driving lessons
edinburgh driving lessons,3600,1.91,0.53,MEDIUM,8,driving lessons
driving lessons leicestershire,3600,2.06,0.52,MEDIUM,18,driving lessons
driving lessons in glasgow,3600,1.75,0.51,MEDIUM,0,driving lessons
price of driving lessons,3600,1.32,0.27,LOW,14,driving lessons
driving lessons pricing,3600,1.32,0.27,LOW,7,driving lessons
driving lessons leicester,3600,2.06,0.52,MEDIUM,18,driving lessons
driving lessons edinburgh,3600,1.91,0.53,MEDIUM,8,driving lessons
sheffield driving lessons,3600,1.81,0.58,MEDIUM,4,driving lessons
prices for driving lessons,3600,1.32,0.27,LOW,9,driving lessons
driving lessons rates,3600,1.32,0.27,LOW,10,driving lessons
driving lessons in sheffield south yorkshire,3600,1.81,0.58,MEDIUM,0,driving lessons
prices driving lessons,3600,1.32,0.27,LOW,7,driving lessons
driving lessons package glasgow,3600,1.75,0.51,MEDIUM,0,driving lessons
driving lessons price,3600,1.32,0.27,LOW,7,driving lessons
leicester driving lessons,3600,2.06,0.52,MEDIUM,9,driving lessons
driving lessons birmingham uk,3600,1.55,0.57,MEDIUM,33,driving lessons
price for driving lessons,3600,1.32,0.27,LOW,8,driving lessons
glasgow driving lessons,3600,1.75,0.51,MEDIUM,0,driving lessons
driving lessons in birmingham,3600,1.55,0.57,MEDIUM,31,driving lessons
driving lessons rate,3600,1.32,0.27,LOW,10,driving lessons
driving lessons glasgow,3600,1.75,0.51,MEDIUM,0,driving lessons
price driving lessons,3600,1.32,0.27,LOW,7,driving lessons
driving lessons in edinburgh,3600,1.91,0.53,MEDIUM,8,driving lessons
driving lessons birmingham,3600,1.55,0.57,MEDIUM,31,driving lessons
birmingham driving lessons,3600,1.55,0.57,MEDIUM,30,driving lessons
driving lessons and prices,3600,1.32,0.27,LOW,30,driving lessons
driving lessons in leicester,3600,2.06,0.52,MEDIUM,23,driving lessons
driving lessons in birmingham uk,3600,1.55,0.57,MEDIUM,33,driving lessons
driving lessons sheffield,3600,1.81,0.58,MEDIUM,0,driving lessons
driving lessons prices,3600,1.32,0.27,LOW,30,driving lessons
book an mot test online,3600,5.46,0.41,MEDIUM,49,MOT test
mot test class 7,3600,2.43,0.2,LOW,0,MOT test
how much is a mot test,3600,1.35,0.18,LOW,39,MOT test
mot test online booking,3600,5.46,0.41,MEDIUM,49,MOT test
booking mot test online,3600,5.46,0.41,MEDIUM,49,MOT test
uk mot test,3600,1.76,0.09,LOW,58,MOT test
mot test book online,3600,5.46,0.41,MEDIUM,49,MOT test
class 7 mot test,3600,2.43,0.2,LOW,0,MOT test
book mot test online,3600,5.46,0.41,MEDIUM,51,MOT test
mot test in uk,3600,1.76,0.09,LOW,58,MOT test
mot test uk,3600,1.76,0.09,LOW,58,MOT test
mot test certificate online,3600,1.63,0.07,LOW,32,MOT test
mot test date,3600,0.5,0.03,LOW,51,MOT test
parking visitors permit,3600,0.02,0.01,LOW,17,parking permit
lewisham parking permit,3600,0,0,LOW,8,parking permit
parking permit southwark,3600,0,0,LOW,0,parking permit
parking permit visitors,3600,0.02,0.01,LOW,17,parking permit
parking permit visitor,3600,0.02,0.01,LOW,7,parking permit
parking visitor permit,3600,0.02,0.01,LOW,17,parking permit
lewisham permit parking,3600,0,0,LOW,0,parking permit
visitor parking permit,3600,0.02,0.01,LOW,14,parking permit
parking permit lewisham,3600,0,0,LOW,0,parking permit
parking permit newham,3600,0,0,LOW,0,parking permit
southwark parking permit,3600,0,0,LOW,8,parking permit
southwark permit parking,3600,0,0,LOW,0,parking permit
lewisham council parking permit,3600,0,0,LOW,9,parking permit
newham parking permit,3600,0,0,LOW,0,parking permit
visitors parking permit,3600,0.02,0.01,LOW,15,parking permit
parking permit for visitors,3600,0.02,0.01,LOW,17,parking permit
real estate apprenticeship,3600,1.27,0.41,MEDIUM,0,apprenticeship
apprenticeship for real estate,3600,1.27,0.41,MEDIUM,2,apprenticeship
apprenticeship uk salary,3600,4.7,0.05,LOW,11,apprenticeship
ot apprenticeship,3600,1.64,0.15,LOW,3,apprenticeship
apprenticeship in leicester,3600,1.67,0.41,MEDIUM,11,apprenticeship
digital marketing apprenticeship,3600,2.67,0.52,MEDIUM,0,apprenticeship
apprenticeship for midwifery,3600,1.79,0.29,LOW,1,apprenticeship
construction apprenticeship,3600,1.46,0.48,MEDIUM,22,apprenticeship
apprenticeship liverpool,3600,1.48,0.41,MEDIUM,9,apprenticeship
account apprenticeship,3600,2.82,0.55,MEDIUM,2,apprenticeship
quantity surveyor apprenticeship,3600,1.07,0.29,LOW,14,apprenticeship
mechanic apprenticeship near me,3600,1.06,0.27,LOW,16,apprenticeship
teaching assistant apprenticeship,3600,1.8,0.62,MEDIUM,5,apprenticeship
occupational therapist apprenticeship,3600,1.64,0.15,LOW,6,apprenticeship
apprenticeship for construction,3600,1.46,0.48,MEDIUM,8,apprenticeship
occupational therapy apprenticeship,3600,1.64,0.15,LOW,3,apprenticeship
letting agent apprenticeship,3600,0.92,0.23,LOW,3,apprenticeship
apprenticeship estate agent,3600,0.92,0.23,LOW,3,apprenticeship
mercedes apprenticeship,3600,1.21,0.06,LOW,0,apprenticeship
midwifery apprenticeship,3600,1.79,0.29,LOW,0,apprenticeship
mercedes-benz apprenticeship,3600,1.21,0.06,LOW,0,apprenticeship
apprenticeship in teaching assistant,3600,1.8,0.62,MEDIUM,5,apprenticeship
apprenticeship salary uk,3600,4.7,0.05,LOW,24,apprenticeship
apprenticeship in occupational therapy,3600,1.64,0.15,LOW,3,apprenticeship
mercedes benz apprenticeship,3600,1.21,0.06,LOW,0,apprenticeship
mechanics apprenticeship near me,3600,1.06,0.27,LOW,16,apprenticeship
apprenticeship in midwifery,3600,1.79,0.29,LOW,0,apprenticeship
apprenticeship pay uk,3600,4.7,0.05,LOW,21,apprenticeship
apprenticeship real estate,3600,1.27,0.41,MEDIUM,0,apprenticeship
apprenticeship degree london,3600,1.87,0.44,MEDIUM,12,apprenticeship
apprenticeship in real estate,3600,1.27,0.41,MEDIUM,2,apprenticeship
quantity surveying apprenticeship,3600,1.07,0.29,LOW,0,apprenticeship
mechanical apprenticeship near me,3600,1.06,0.27,LOW,16,apprenticeship
apprenticeship teaching assistant,3600,1.8,0.62,MEDIUM,17,apprenticeship
ta apprenticeship,3600,1.8,0.62,MEDIUM,7,apprenticeship
apprenticeship leicester,3600,1.67,0.41,MEDIUM,19,apprenticeship
apprenticeship accounting,3600,2.82,0.55,MEDIUM,0,apprenticeship
apprenticeship digital marketing,3600,2.67,0.52,MEDIUM,0,apprenticeship
apprenticeship in digital marketing,3600,2.67,0.52,MEDIUM,0,apprenticeship
acc apprenticeship,3600,2.82,0.55,MEDIUM,,apprenticeship
apprenticeship in construction,3600,1.46,0.48,MEDIUM,16,apprenticeship
apprenticeship occupational therapy,3600,1.64,0.15,LOW,3,apprenticeship
estate agent apprenticeship,3600,0.92,0.23,LOW,3,apprenticeship
apprenticeship pay rates uk,3600,4.7,0.05,LOW,15,apprenticeship
classroom assistant apprenticeship,3600,1.8,0.62,MEDIUM,5,apprenticeship
accountancy apprenticeship,3600,2.82,0.55,MEDIUM,2,apprenticeship
apprenticeship mercedes,3600,1.21,0.06,LOW,0,apprenticeship
apprenticeship in liverpool,3600,1.48,0.41,MEDIUM,9,apprenticeship
apprenticeship for accounting,3600,2.82,0.55,MEDIUM,0,apprenticeship
apprenticeship teacher assistant,3600,1.8,0.62,MEDIUM,3,apprenticeship
apprenticeship in sheffield,3600,1.73,0.36,MEDIUM,7,apprenticeship
apprenticeship sheffield,3600,1.73,0.36,MEDIUM,10,apprenticeship
apprenticeship degrees london,3600,1.87,0.44,MEDIUM,12,apprenticeship
apprenticeship uk wage,3600,4.7,0.05,LOW,20,apprenticeship
apprenticeship in accounting,3600,2.82,0.55,MEDIUM,0,apprenticeship
apprenticeship midwifery,3600,1.79,0.29,LOW,1,apprenticeship
apprenticeship wage uk,3600,4.7,0.05,LOW,17,apprenticeship
national apprenticeship week,3600,2.35,0.1,LOW,32,apprenticeship
apprenticeship for teaching assistant,3600,1.8,0.62,MEDIUM,5,apprenticeship
digital marketer apprenticeship,3600,2.67,0.52,MEDIUM,0,apprenticeship
apprenticeship wages uk,3600,4.7,0.05,LOW,29,apprenticeship
apprenticeship construction,3600,1.46,0.48,MEDIUM,16,apprenticeship
building construction apprenticeship,3600,1.46,0.48,MEDIUM,13,apprenticeship
estate agency apprenticeship,3600,0.92,0.23,LOW,0,apprenticeship
what is cscs card,3600,0.84,0.16,LOW,43,CSCS card
what is the cscs card,3600,0.84,0.16,LOW,14,CSCS card
what cscs card,3600,0.84,0.16,LOW,14,CSCS card
what is a cscs card,3600,0.84,0.16,LOW,49,CSCS card
uk energy bill discount letters,2900,4.95,0.12,LOW,30,energy bill
broadband tv deals compare,2900,4.49,0.52,MEDIUM,29,broadband deals
compare broadband and tv deals,2900,4.49,0.52,MEDIUM,37,broadband deals
cheap uk broadband deals,2900,6.32,0.58,MEDIUM,69,broadband deals
compare tv broadband deals,2900,4.49,0.52,MEDIUM,37,broadband deals
best broadband deals fibre,2900,5.84,0.6,MEDIUM,37,broadband deals
ee broadband tv deals,2900,1.21,0.49,MEDIUM,19,broadband deals
landline phone deals with broadband,2900,4.05,0.61,MEDIUM,27,broadband deals
ee broadband and tv deals,2900,1.21,0.49,MEDIUM,19,broadband deals
broadband and tv deals compare,2900,4.49,0.52,MEDIUM,37,broadband deals
compare broadband tv deals,2900,4.49,0.52,MEDIUM,37,broadband deals
home phone broadband deals,2900,4.05,0.61,MEDIUM,17,broadband deals
compare tv and broadband deals,2900,4.49,0.52,MEDIUM,37,broadband deals
best broadband fiber deals,2900,5.84,0.6,MEDIUM,27,broadband deals
tv and broadband deals compare,2900,4.49,0.52,MEDIUM,37,broadband deals
broadband tv deals comparison,2900,4.49,0.52,MEDIUM,27,broadband deals
best fibre broadband deals,2900,5.84,0.6,MEDIUM,33,broadband deals
landline phone and broadband deals,2900,4.05,0.61,MEDIUM,25,broadband deals
broadband and landline phone deals,2900,4.05,0.61,MEDIUM,25,broadband deals
cheap broadband deals in uk,2900,6.32,0.58,MEDIUM,56,broadband deals
home phone and broadband deals,2900,4.05,0.61,MEDIUM,24,broadband deals
ee tv and broadband deals,2900,1.21,0.49,MEDIUM,19,broadband deals
cheap broadband deals uk,2900,6.32,0.58,MEDIUM,63,broadband deals
ee tv broadband deals,2900,1.21,0.49,MEDIUM,19,broadband deals
fibre broadband best deals,2900,5.84,0.6,MEDIUM,33,broadband deals
broadband with landline deals,2900,4.05,0.61,MEDIUM,57,broadband deals
broadband and tv deals comparison,2900,4.49,0.52,MEDIUM,23,broadband deals
best broadband fibre deals,2900,5.84,0.6,MEDIUM,33,broadband deals
cheapest broadband uk deals,2900,6.32,0.58,MEDIUM,59,broadband deals
broadband and home phone deals,2900,4.05,0.61,MEDIUM,24,broadband deals
cheapest broadband deals in uk,2900,6.32,0.58,MEDIUM,62,broadband deals
cheapest broadband deals uk,2900,6.32,0.58,MEDIUM,62,broadband deals
broadband cheapest deals uk,2900,6.32,0.58,MEDIUM,61,broadband deals
best deals for fibre broadband,2900,5.84,0.6,MEDIUM,33,broadband deals
mini skip for hire,2900,2.05,0.65,MEDIUM,0,skip hire
skip hire manchester uk,2900,3.25,0.66,MEDIUM,14,skip hire
skip hire dunmow,2900,3.23,0.39,MEDIUM,0,skip hire
skip hire manchester,2900,3.25,0.66,MEDIUM,30,skip hire
hire mini skip,2900,2.05,0.65,MEDIUM,0,skip hire
mini skip hire,2900,2.05,0.65,MEDIUM,0,skip hire
jones skip hire wolverhampton,2900,3.93,0.22,LOW,0,skip hire
dunmow skip hire,2900,3.23,0.39,MEDIUM,8,skip hire
hire a mini skip,2900,2.05,0.65,MEDIUM,0,skip hire
vaillant boiler service,2900,3.18,0.64,MEDIUM,0,boiler service
service vaillant boiler,2900,3.18,0.64,MEDIUM,0,boiler service
boiler service vaillant,2900,3.18,0.64,MEDIUM,6,boiler service
hmrc self assessment tax return,2900,5.96,0.1,LOW,34,tax return
tax return submission,2900,8.61,0.12,LOW,33,tax return
deadline for tax return self assessment,2900,3.22,0.06,LOW,17,tax return
tax return deadline self assessment,2900,3.22,0.06,LOW,17,tax return
hm revenue and customs self assessment tax return,2900,5.96,0.1,LOW,20,tax return
tax return self assessment deadline,2900,3.22,0.06,LOW,25,tax return
hm revenue tax return self assessment,2900,5.96,0.1,LOW,40,tax return
tax return for company,2900,14.24,0.39,MEDIUM,31,tax return
self assessment tax return deadline,2900,3.22,0.06,LOW,17,tax return
submit a tax return,2900,8.61,0.12,LOW,70,tax return
tax return hmrc self assessment,2900,5.96,0.1,LOW,34,tax return
deadline for self assessment tax return,2900,3.22,0.06,LOW,17,tax return
tax return p800,2900,2.53,0.04,LOW,26,tax return
government tax return,2900,2.31,0.05,LOW,54,tax return
tax return businesses,2900,14.24,0.39,MEDIUM,35,tax return
hm revenue self assessment tax return,2900,5.96,0.1,LOW,32,tax return
submitting tax return,2900,8.61,0.12,LOW,70,tax return
tax return for companies,2900,14.24,0.39,MEDIUM,38,tax return
gov tax return,2900,2.31,0.05,LOW,73,tax return
income tax return verification,2900,2.38,0,LOW,71,tax return
business tax return,2900,14.24,0.39,MEDIUM,18,tax return
hmrc tax return self assessment,2900,5.96,0.1,LOW,34,tax return
business income tax return,2900,14.24,0.39,MEDIUM,14,tax return
self assessment hmrc tax return,2900,5.96,0.1,LOW,34,tax return
submit tax return,2900,8.61,0.12,LOW,70,tax return
income tax return site,2900,2.38,0,LOW,86,tax return
tax return for a company,2900,14.24,0.39,MEDIUM,31,tax return
hmrc tax self assessment tax return,2900,5.96,0.1,LOW,34,tax return
submitting a tax return,2900,8.61,0.12,LOW,70,tax return
tax return for business,2900,14.24,0.39,MEDIUM,18,tax return
company tax return,2900,14.24,0.39,MEDIUM,31,tax return
tax return business,2900,14.24,0.39,MEDIUM,13,tax return
pension calculator tax relief,2900,2.06,0.06,LOW,19,pension calculator
age pension calculator,2900,2.91,0.02,LOW,30,pension calculator
aviva pension calculator,2900,4.75,0.07,LOW,9,pension calculator
hmrc pension tax calculator,2900,3.52,0.04,LOW,27,pension calculator
tax relief calculator pension,2900,2.06,0.06,LOW,19,pension calculator
pension age calculator,2900,2.91,0.02,LOW,30,pension calculator
aged pension calculator,2900,2.91,0.02,LOW,30,pension calculator
pension tax calculator hmrc,2900,3.52,0.04,LOW,40,pension calculator
tax relief on pension calculator,2900,2.06,0.06,LOW,19,pension calculator
age pension age calculator,2900,2.91,0.02,LOW,30,pension calculator
tax relief pension calculator,2900,2.06,0.06,LOW,23,pension calculator
calculator for age pension,2900,2.91,0.02,LOW,30,pension calculator
pension relief tax calculator,2900,2.06,0.06,LOW,19,pension calculator
aviva pension plan calculator,2900,4.75,0.07,LOW,7,pension calculator
pension calculator age,2900,2.91,0.02,LOW,42,pension calculator
pension tax relief calculator,2900,2.06,0.06,LOW,19,pension calculator
vet physiotherapy,2900,2.83,0.04,LOW,9,physiotherapy
band 5 physiotherapy jobs,2900,2.08,0.06,LOW,0,physiotherapy
physiotherapy veterinary,2900,2.83,0.04,LOW,3,physiotherapy
physiotherapy band 5 jobs,2900,2.08,0.06,LOW,0,physiotherapy
physiotherapy jobs band 5,2900,2.08,0.06,LOW,0,physiotherapy
veterinary physiotherapy,2900,2.83,0.04,LOW,3,physiotherapy
trip cbd oil,2900,0.67,0.45,MEDIUM,8,CBD oil
driving lessons booklet,2900,3.16,0.63,MEDIUM,9,driving lessons
driving manual lessons,2900,1.68,0.46,MEDIUM,24,driving lessons
driving lessons for manual transmission,2900,1.68,0.46,MEDIUM,0,driving lessons
manual transmission driving lessons,2900,1.68,0.46,MEDIUM,0,driving lessons
book driving lessons,2900,3.16,0.63,MEDIUM,66,driving lessons
driving lessons northampton,2900,1.48,0.42,MEDIUM,15,driving lessons
the aa driving lessons,2900,2.94,0.08,LOW,23,driving lessons
driving lessons manual,2900,1.68,0.46,MEDIUM,23,driving lessons
driving lessons books,2900,3.16,0.63,MEDIUM,66,driving lessons
booking driving lessons,2900,3.16,0.63,MEDIUM,66,driving lessons
driving lessons for manual,2900,1.68,0.46,MEDIUM,28,driving lessons
northampton driving lessons,2900,1.48,0.42,MEDIUM,13,driving lessons
manual driving lessons,2900,1.68,0.46,MEDIUM,23,driving lessons
manual shift driving lessons,2900,1.68,0.46,MEDIUM,23,driving lessons
driving lessons in northampton,2900,1.48,0.42,MEDIUM,9,driving lessons
driving lessons book,2900,3.16,0.63,MEDIUM,66,driving lessons
manual for driving lessons,2900,1.68,0.46,MEDIUM,23,driving lessons
driving lessons nottingham,2900,2.09,0.61,MEDIUM,35,driving lessons
driving lessons manual transmission,2900,1.68,0.46,MEDIUM,0,driving lessons
lessons driving manual,2900,1.68,0.46,MEDIUM,23,driving lessons
driving lessons booking,2900,3.16,0.63,MEDIUM,66,driving lessons
how much is a mot test for a car,2900,1.3,0.17,LOW,17,MOT test
how much is an mot test for a car,2900,1.3,0.17,LOW,22,MOT test
mot test centre belfast,2900,1.27,0.1,LOW,16,MOT test
mot test guide,2900,1.85,0.01,LOW,33,MOT test
change mot test date ni,2900,0,0,LOW,30,MOT test
change mot test date,2900,0,0,LOW,31,MOT test
how long does a mot test take,2900,1.39,0.01,LOW,0,MOT test
mot test checklist,2900,0.25,0.12,LOW,14,MOT test
belfast mot test centre,2900,1.27,0.1,LOW,16,MOT test
mot test list,2900,0.25,0.12,LOW,19,MOT test
mot test guidelines,2900,1.85,0.01,LOW,25,MOT test
mot test centres belfast,2900,1.27,0.1,LOW,14,MOT test
mot test what do they check,2900,0.23,0.25,LOW,31,MOT test
how much is mot test for a car,2900,1.3,0.17,LOW,17,MOT test
how much is car mot test,2900,1.3,0.17,LOW,17,MOT test
mot test list of checks,2900,0.25,0.12,LOW,19,MOT test
parking permit camden,2900,0,0,LOW,2,parking permit
tower hamlets parking permit,2900,0,0,LOW,8,parking permit
edinburgh permit parking,2900,0,0,LOW,0,parking permit
islington parking permit,2900,0,0,LOW,8,parking permit
parking permit islington,2900,0,0,LOW,0,parking permit
permit parking edinburgh,2900,0,0,LOW,0,parking permit
merton parking permit,2900,0,0,LOW,0,parking permit
camden parking permit,2900,0,0,LOW,17,parking permit
lambeth parking permit,2900,0,0,LOW,16,parking permit
edinburgh parking permit,2900,0,0,LOW,0,parking permit
parking permit edinburgh,2900,0,0,LOW,0,parking permit
parking permit merton,2900,0,0,LOW,0,parking permit
parking permit lambeth,2900,0,0,LOW,13,parking permit
mechanical engineering apprenticeship,2900,1.56,0.39,MEDIUM,12,apprenticeship
vehicle technician apprenticeship,2900,1.4,0.18,LOW,3,apprenticeship
apprenticeship in automotive technician,2900,1.4,0.18,LOW,0,apprenticeship
speech and language therapist apprenticeship,2900,1.21,0.07,LOW,0,apprenticeship
business and administration apprenticeship,2900,2.59,0.38,MEDIUM,0,apprenticeship
tattoo apprenticeship,2900,1.03,0.12,LOW,0,apprenticeship
car technician apprenticeship,2900,1.4,0.18,LOW,19,apprenticeship
apprenticeship welding,2900,1.25,0.27,LOW,0,apprenticeship
mechanic engineer apprenticeship,2900,1.56,0.39,MEDIUM,0,apprenticeship
automotive technician apprenticeship,2900,1.4,0.18,LOW,14,apprenticeship
barclays apprenticeship,2900,1.68,0.07,LOW,6,apprenticeship
apprenticeship in mechanical engineering,2900,1.56,0.39,MEDIUM,0,apprenticeship
engineering degree apprenticeship,2900,1.75,0.34,MEDIUM,0,apprenticeship
plumbers apprenticeship near me,2900,4.46,0.43,MEDIUM,10,apprenticeship
welders apprenticeship,2900,1.25,0.27,LOW,0,apprenticeship
apprenticeship for tattooing,2900,1.03,0.12,LOW,0,apprenticeship
apprenticeship for graduates,2900,1.35,0.27,LOW,27,apprenticeship
slt apprenticeship,2900,1.21,0.07,LOW,0,apprenticeship
apprenticeship wales,2900,2.44,0.4,MEDIUM,28,apprenticeship
apprenticeship in newcastle,2900,1.34,0.35,MEDIUM,0,apprenticeship
apprenticeship natwest,2900,2.37,0.01,LOW,0,apprenticeship
speech and language apprenticeship,2900,1.21,0.07,LOW,0,apprenticeship
apprenticeship level 6,2900,1.7,0.23,LOW,23,apprenticeship
apprenticeship newcastle,2900,1.34,0.35,MEDIUM,1,apprenticeship
business and admin apprenticeship,2900,2.59,0.38,MEDIUM,4,apprenticeship
apprenticeship gas engineer,2900,4.18,0.38,MEDIUM,0,apprenticeship
how much cscs card,2900,1.18,0.47,MEDIUM,10,CSCS card
blue cscs card,2900,2.43,0.63,MEDIUM,6,CSCS card
how much for cscs card,2900,1.18,0.47,MEDIUM,8,CSCS card
how much is a cscs card,2900,1.18,0.47,MEDIUM,7,CSCS card
cscs blue card,2900,2.43,0.63,MEDIUM,41,CSCS card
cscs card how much,2900,1.18,0.47,MEDIUM,8,CSCS card
blue card cscs,2900,2.43,0.63,MEDIUM,8,CSCS card
cscs card blue,2900,2.43,0.63,MEDIUM,3,CSCS card
how much is cscs card,2900,1.18,0.47,MEDIUM,8,CSCS card
broadband deals without a phone line,2400,6.79,0.46,MEDIUM,1,broadband deals
tv and broadband deals uk,2400,3.91,0.65,MEDIUM,38,broadband deals
broadband & tv deals uk,2400,3.91,0.65,MEDIUM,40,broadband deals
new customer sky broadband deals,2400,2.04,0.66,MEDIUM,26,broadband deals
broadband only deals without phone line,2400,6.79,0.46,MEDIUM,0,broadband deals
broadband tv deals uk,2400,3.91,0.65,MEDIUM,41,broadband deals
broadband deals no phone line,2400,6.79,0.46,MEDIUM,11,broadband deals
sky broadband deals for new customers,2400,2.04,0.66,MEDIUM,26,broadband deals
broadband and tv deals uk,2400,3.91,0.65,MEDIUM,43,broadband deals
sky broadband new customer deals,2400,2.04,0.66,MEDIUM,23,broadband deals
uk tv and broadband deals,2400,3.91,0.65,MEDIUM,38,broadband deals
uk broadband and tv deals,2400,3.91,0.65,MEDIUM,41,broadband deals
broadband deals without phone line,2400,6.79,0.46,MEDIUM,10,broadband deals
skip hire stevenage,2400,2.82,0.5,MEDIUM,0,skip hire
blackpool skip hire,2400,1.96,0.55,MEDIUM,4,skip hire
skip hire blackpool,2400,1.96,0.55,MEDIUM,0,skip hire
skip hire in caerphilly,2400,3.67,0.59,MEDIUM,0,skip hire
skip hire in blackpool,2400,1.96,0.55,MEDIUM,0,skip hire
stevenage skip hire,2400,2.82,0.5,MEDIUM,0,skip hire
stevenage skip hire graveley,2400,2.82,0.5,MEDIUM,0,skip hire
hire a skip stevenage,2400,2.82,0.5,MEDIUM,0,skip hire
caerphilly skip hire,2400,3.67,0.59,MEDIUM,0,skip hire
blackpole recycling skip hire,2400,4.94,0.03,LOW,0,skip hire
skip hire caerphilly,2400,3.67,0.59,MEDIUM,0,skip hire
skip hire in stevenage,2400,2.82,0.5,MEDIUM,0,skip hire
tax return online,2400,4.44,0.17,LOW,44,tax return
check my tax return,2400,2.07,0.08,LOW,45,tax return
when are corporate tax return due,2400,4.37,0.05,LOW,7,tax return
what is a tax return,2400,2.84,0.02,LOW,33,tax return
self assessment tax return forms,2400,7.44,0.18,LOW,33,tax return
what is an income tax return,2400,2.84,0.02,LOW,41,tax return
self assessment form tax return,2400,7.44,0.18,LOW,42,tax return
tax return what is it,2400,2.84,0.02,LOW,45,tax return
stamp duty tax return,2400,0,0,LOW,25,tax return
self assessment tax return form,2400,7.44,0.18,LOW,33,tax return
stamp duty land tax return,2400,0,0,LOW,19,tax return
what is tax return,2400,2.84,0.02,LOW,25,tax return
what is it tax return,2400,2.84,0.02,LOW,45,tax return
tax return self assessment form,2400,7.44,0.18,LOW,33,tax return
what is return in tax,2400,2.84,0.02,LOW,33,tax return
what are tax return,2400,2.84,0.02,LOW,45,tax return
return online tax,2400,4.44,0.17,LOW,44,tax return
taxable pension calculator,2400,1.97,0.08,LOW,25,pension calculator
tax calculator with pension,2400,1.97,0.08,LOW,25,pension calculator
pension calculator tax,2400,1.97,0.08,LOW,25,pension calculator
tax and pension calculator,2400,1.97,0.08,LOW,45,pension calculator
pension taxes calculator,2400,1.97,0.08,LOW,25,pension calculator
tax pension calculator,2400,1.97,0.08,LOW,25,pension calculator
tax on pension calculator,2400,1.97,0.08,LOW,25,pension calculator
tax calculator on pension,2400,1.97,0.08,LOW,25,pension calculator
tax calculator for pension,2400,1.97,0.08,LOW,25,pension calculator
pension and tax calculator,2400,1.97,0.08,LOW,24,pension calculator
martin lewis pension drawdown calculator,2400,2.71,0.27,LOW,26,pension calculator
tax calculator pension,2400,1.97,0.08,LOW,25,pension calculator
pension tax calculator,2400,1.97,0.08,LOW,25,pension calculator
course for physiotherapy,2400,2.37,0.51,MEDIUM,1,physiotherapy
degree of physiotherapy,2400,2.13,0.44,MEDIUM,21,physiotherapy
courses for physiotherapy,2400,2.37,0.51,MEDIUM,1,physiotherapy
physiotherapy courses,2400,2.37,0.51,MEDIUM,1,physiotherapy
physiotherapy job near me,2400,3.87,0.15,LOW,3,physiotherapy
degree physiotherapy,2400,2.13,0.44,MEDIUM,19,physiotherapy
physiotherapy jobs near me,2400,3.87,0.15,LOW,3,physiotherapy
courses physiotherapy,2400,2.37,0.51,MEDIUM,5,physiotherapy
physiotherapy as a course,2400,2.37,0.51,MEDIUM,5,physiotherapy
physiotherapy course,2400,2.37,0.51,MEDIUM,14,physiotherapy
physiotherapy degree,2400,2.13,0.44,MEDIUM,19,physiotherapy
specsavers hearing test price,2400,3.83,0.5,MEDIUM,9,hearing test
specsavers hearing test cost,2400,3.83,0.5,MEDIUM,0,hearing test
hearing test specsavers cost,2400,3.83,0.5,MEDIUM,0,hearing test
hearing test cost specsavers,2400,3.83,0.5,MEDIUM,0,hearing test
driving lessons average cost,2400,1.14,0.08,LOW,22,driving lessons
york driving lessons,2400,2,0.54,MEDIUM,9,driving lessons
southampton driving lessons,2400,2.14,0.52,MEDIUM,9,driving lessons
driving lessons southampton uk,2400,2.14,0.52,MEDIUM,0,driving lessons
average cost of driving lessons,2400,1.14,0.08,LOW,11,driving lessons
driving lessons in cardiff,2400,1.65,0.46,MEDIUM,0,driving lessons
luton driving lessons,2400,2.32,0.5,MEDIUM,8,driving lessons
driving lessons in norwich,2400,2.7,0.35,MEDIUM,12,driving lessons
driving lessons aberdeen,2400,2.01,0.52,MEDIUM,8,driving lessons
driving lessons in york uk,2400,2,0.54,MEDIUM,0,driving lessons
norwich driving lessons,2400,2.7,0.35,MEDIUM,12,driving lessons
10 hours driving lessons for 100,2400,1.39,0.36,MEDIUM,8,driving lessons
driving lessons cardiff,2400,1.65,0.46,MEDIUM,0,driving lessons
average cost for driving lessons,2400,1.14,0.08,LOW,22,driving lessons
red driving lessons prices,2400,1.74,0.11,LOW,0,driving lessons
aberdeen driving lessons,2400,2.01,0.52,MEDIUM,0,driving lessons
driving lessons norwich,2400,2.7,0.35,MEDIUM,4,driving lessons
average driving lessons cost,2400,1.14,0.08,LOW,22,driving lessons
newcastle upon tyne driving lessons,2400,1.67,0.5,MEDIUM,12,driving lessons
average cost driving lessons,2400,1.14,0.08,LOW,22,driving lessons
newcastle driving lessons,2400,1.67,0.5,MEDIUM,0,driving lessons
driving lessons in york,2400,2,0.54,MEDIUM,0,driving lessons
driving lessons in luton,2400,2.32,0.5,MEDIUM,22,driving lessons
cost of red driving lessons,2400,1.74,0.11,LOW,0,driving lessons
driving lessons in newcastle,2400,1.67,0.5,MEDIUM,0,driving lessons
driving lessons in southampton,2400,2.14,0.52,MEDIUM,2,driving lessons
average price of driving lessons,2400,1.14,0.08,LOW,11,driving lessons
driving lessons southampton,2400,2.14,0.52,MEDIUM,0,driving lessons
cardiff driving lessons,2400,1.65,0.46,MEDIUM,0,driving lessons
driving lessons luton,2400,2.32,0.5,MEDIUM,0,driving lessons
driving lessons newcastle,2400,1.67,0.5,MEDIUM,0,driving lessons
driving lessons in newcastle upon tyne,2400,1.67,0.5,MEDIUM,2,driving lessons
driving lessons york uk,2400,2,0.54,MEDIUM,4,driving lessons
10 hours driving lessons for £100,2400,1.39,0.36,MEDIUM,8,driving lessons
driving lessons in aberdeen,2400,2.01,0.52,MEDIUM,0,driving lessons
driving lessons newcastle upon tyne,2400,1.67,0.5,MEDIUM,2,driving lessons
driving lessons york,2400,2,0.54,MEDIUM,7,driving lessons
cancel mot test ni,2400,0,0,LOW,22,MOT test
mot test result,2400,0.98,0.02,LOW,32,MOT test
mot test results,2400,0.98,0.02,LOW,32,MOT test
mot test expiry date,2400,1.39,0.03,LOW,21,MOT test
mot test class 4,2400,3.18,0.06,LOW,4,MOT test
mot test exemption,2400,1.01,0,LOW,12,MOT test
class 4 mot test,2400,3.18,0.06,LOW,1,MOT test
armagh mot test centre,2400,5.21,0.03,LOW,3,MOT test
mot test centre armagh,2400,5.21,0.03,LOW,12,MOT test
lbhf parking permit,2400,0,0,LOW,1,parking permit
oxford parking permit,2400,0.76,0,LOW,7,parking permit
greenwich parking permit,2400,0,0,LOW,0,parking permit
waltham forest parking permit,2400,0,0,LOW,8,parking permit
hammersmith parking permit,2400,0,0,LOW,0,parking permit
parking permit greenwich,2400,0,0,LOW,0,parking permit
oxford permit parking,2400,0.76,0,LOW,7,parking permit
fulham parking permit,2400,0,0,LOW,2,parking permit
fulham and hammersmith parking permit,2400,0,0,LOW,1,parking permit
parking permit hammersmith and fulham,2400,0,0,LOW,5,parking permit
parking permit oxford,2400,0.76,0,LOW,3,parking permit
greenwich permit parking,2400,0,0,LOW,0,parking permit
hammersmith and fulham parking permit,2400,0,0,LOW,22,parking permit
energy bill discount uk,1900,1.93,0.46,MEDIUM,28,energy bill
cheap tv and broadband deals,1900,6.62,0.46,MEDIUM,38,broadband deals
black friday deals on broadband,1900,7.22,0.02,LOW,0,broadband deals
bt broadband phone deals,1900,2.99,0.19,LOW,10,broadband deals
cheapest phone broadband deals,1900,4.15,0.33,LOW,,broadband deals
bt broadband new customer deals,1900,2.66,0.43,MEDIUM,26,broadband deals
black friday broadband deals,1900,7.22,0.02,LOW,0,broadband deals
skip hire in redditch,1900,2.99,0.42,MEDIUM,0,skip hire
lostock skip hire bolton,1900,1.58,0.38,MEDIUM,0,skip hire
glynn's skip hire,1900,2.54,0.06,LOW,0,skip hire
skip hire weybridge surrey,1900,3.25,0.46,MEDIUM,5,skip hire
skip hire burton,1900,2.62,0.65,MEDIUM,2,skip hire
skip hire burton upon trent,1900,2.62,0.65,MEDIUM,0,skip hire
thorncliffe skip hire,1900,0.55,0.28,LOW,0,skip hire
weybridge skip hire walton,1900,3.25,0.46,MEDIUM,5,skip hire
burton skip hire,1900,2.62,0.65,MEDIUM,0,skip hire
hire a skip hull,1900,2.71,0.54,MEDIUM,2,skip hire
hull skip hire,1900,2.71,0.54,MEDIUM,2,skip hire
skip hire in burton,1900,2.62,0.65,MEDIUM,4,skip hire
hire a skip belfast,1900,3.21,0.5,MEDIUM,0,skip hire
skip hire burton on trent,1900,2.62,0.65,MEDIUM,2,skip hire
glynns skip hire,1900,2.54,0.06,LOW,0,skip hire
weybridge skip hire,1900,3.25,0.46,MEDIUM,3,skip hire
cheadle skip hire,1900,5.48,0.31,LOW,0,skip hire
mckinstry skip hire,1900,4.07,0.04,LOW,0,skip hire
how much is a skip to hire,1900,1.52,0.56,MEDIUM,0,skip hire
budget skip hire,1900,2.51,0.33,LOW,24,skip hire
burton on trent skip hire,1900,2.62,0.65,MEDIUM,4,skip hire
skip hire cheadle,1900,5.48,0.31,LOW,0,skip hire
mckinstry skip hire ltd,1900,4.07,0.04,LOW,0,skip hire
skip hire in weybridge,1900,3.25,0.46,MEDIUM,3,skip hire
skip hire in hull,1900,2.71,0.54,MEDIUM,2,skip hire
skip hire redditch,1900,2.99,0.42,MEDIUM,0,skip hire
cheadle skip hire stockport,1900,5.48,0.31,LOW,0,skip hire
glynn skip hire,1900,2.54,0.06,LOW,0,skip hire
weybridge skip hire walton on thames,1900,3.25,0.46,MEDIUM,0,skip hire
skip hire in burton on trent,1900,2.62,0.65,MEDIUM,4,skip hire
weybridge skip hire walton-on-thames,1900,3.25,0.46,MEDIUM,0,skip hire
skip hire belfast,1900,3.21,0.5,MEDIUM,0,skip hire
belfast skip hire,1900,3.21,0.5,MEDIUM,0,skip hire
lostock skip hire,1900,1.58,0.38,MEDIUM,0,skip hire
uk skip hire redditch,1900,2.99,0.42,MEDIUM,0,skip hire
redditch skip hire,1900,2.99,0.42,MEDIUM,0,skip hire
skip hire weybridge,1900,3.25,0.46,MEDIUM,0,skip hire
skip hire hull,1900,2.71,0.54,MEDIUM,2,skip hire
lostock skip hire horwich,1900,1.58,0.38,MEDIUM,0,skip hire
collins skip hire,1900,2.79,0.11,LOW,0,skip hire
how much does a boiler service cost,1900,3.72,0.52,MEDIUM,0,boiler service
how much does it cost for boiler service,1900,3.72,0.52,MEDIUM,2,boiler service
how long does a boiler service take,1900,0.97,0.05,LOW,0,boiler service
how much does it cost to service a boiler,1900,3.72,0.52,MEDIUM,5,boiler service
how much does it cost to service boiler,1900,3.72,0.52,MEDIUM,0,boiler service
how much does boiler service cost,1900,3.72,0.52,MEDIUM,0,boiler service
online tax return,1900,5.41,0.29,LOW,44,tax return
tax return 2025,1900,3.16,0.12,LOW,22,tax return
online tax return online,1900,5.41,0.29,LOW,44,tax return
sipp pension calculator,1900,3.83,0.56,MEDIUM,40,pension calculator
physiotherapy salary in uk,1900,0.58,0,LOW,13,physiotherapy
physiotherapy dogs,1900,2.33,0.22,LOW,0,physiotherapy
physiotherapy salary england,1900,0.58,0,LOW,0,physiotherapy
dog physiotherapy,1900,2.33,0.22,LOW,0,physiotherapy
physiotherapy for dogs,1900,2.33,0.22,LOW,0,physiotherapy
physiotherapy jobs in uk salary,1900,0.58,0,LOW,7,physiotherapy
physiotherapy in newcastle upon tyne,1900,1.93,0.33,LOW,10,physiotherapy
newcastle physiotherapy newcastle upon tyne,1900,1.93,0.33,LOW,2,physiotherapy
sano physiotherapy,1900,1.34,0.13,LOW,6,physiotherapy
physiotherapy jobs uk salary,1900,0.58,0,LOW,0,physiotherapy
canine physiotherapy,1900,2.33,0.22,LOW,0,physiotherapy
physiotherapy dog,1900,2.33,0.22,LOW,0,physiotherapy
hearing test org,1900,12.51,0.64,MEDIUM,34,hearing test
driving lessons in portsmouth hampshire,1900,1.48,0.54,MEDIUM,3,driving lessons
portsmouth driving lessons,1900,1.48,0.54,MEDIUM,7,driving lessons
plymouth driving lessons,1900,1.79,0.47,MEDIUM,8,driving lessons
driving lessons in plymouth,1900,1.79,0.47,MEDIUM,8,driving lessons
driving lessons cambridge,1900,1.89,0.45,MEDIUM,0,driving lessons
driving car lessons,1900,2,0.58,MEDIUM,62,driving lessons
cheapest driving lessons,1900,1.53,0.59,MEDIUM,55,driving lessons
lessons for car driving,1900,2,0.58,MEDIUM,62,driving lessons
driving lessons milton keynes,1900,1.99,0.52,MEDIUM,0,driving lessons
driving lessons for cheap,1900,1.53,0.59,MEDIUM,33,driving lessons
driving lessons cars,1900,2,0.58,MEDIUM,62,driving lessons
driving lessons north belfast,1900,1.16,0.16,LOW,18,driving lessons
driving lessons in swindon,1900,1.97,0.37,MEDIUM,0,driving lessons
nottingham driving lessons,1900,1.77,0.57,MEDIUM,38,driving lessons
driving lessons belfast,1900,1.16,0.16,LOW,18,driving lessons
affordable driving lessons,1900,1.53,0.59,MEDIUM,12,driving lessons
how many driving lessons can you have,1900,7.49,0.01,LOW,3,driving lessons
driving lessons nottinghamshire,1900,1.77,0.57,MEDIUM,0,driving lessons
wolverhampton driving lessons,1900,1.52,0.52,MEDIUM,0,driving lessons
driving lessons in derby uk,1900,2.42,0.5,MEDIUM,0,driving lessons
inexpensive driving lessons,1900,1.53,0.59,MEDIUM,27,driving lessons
mk driving lessons,1900,1.99,0.52,MEDIUM,16,driving lessons
driving lessons in portsmouth uk,1900,1.48,0.54,MEDIUM,15,driving lessons
cheap driving lessons,1900,1.53,0.59,MEDIUM,33,driving lessons
driving lessons in derby,1900,2.42,0.5,MEDIUM,3,driving lessons
belfast driving lessons,1900,1.16,0.16,LOW,18,driving lessons
driving lessons cheap,1900,1.53,0.59,MEDIUM,29,driving lessons
driving lessons how much does it cost,1900,1.35,0.22,LOW,11,driving lessons
derby driving lessons,1900,2.42,0.5,MEDIUM,3,driving lessons
ldc driving lessons,1900,2.18,0.15,LOW,27,driving lessons
driving lessons in plymouth devon,1900,1.79,0.47,MEDIUM,0,driving lessons
how many driving lessons do you need,1900,7.49,0.01,LOW,3,driving lessons
driving lessons affordable,1900,1.53,0.59,MEDIUM,40,driving lessons
driving lessons car,1900,2,0.58,MEDIUM,62,driving lessons
driving lessons plymouth uk,1900,1.79,0.47,MEDIUM,8,driving lessons
driving lessons in belfast,1900,1.16,0.16,LOW,18,driving lessons
driving lessons wolverhampton,1900,1.52,0.52,MEDIUM,0,driving lessons
swindon driving lessons,1900,1.97,0.37,MEDIUM,0,driving lessons
driving lessons swindon,1900,1.97,0.37,MEDIUM,0,driving lessons
driving lessons in milton keynes,1900,1.99,0.52,MEDIUM,0,driving lessons
driving lessons in wolverhampton,1900,1.52,0.52,MEDIUM,0,driving lessons
driving lessons plymouth,1900,1.79,0.47,MEDIUM,8,driving lessons
driving lessons in nottingham,1900,1.77,0.57,MEDIUM,35,driving lessons
driving lessons auto,1900,2,0.58,MEDIUM,20,driving lessons
how much do driving lessons cost,1900,1.35,0.22,LOW,11,driving lessons
cheap in car driving lessons,1900,1.53,0.59,MEDIUM,29,driving lessons
driving lessons automatic,1900,2,0.58,MEDIUM,14,driving lessons
driving lessons in portsmouth,1900,1.48,0.54,MEDIUM,3,driving lessons
car driving lessons,1900,2,0.58,MEDIUM,62,driving lessons
milton keynes driving lessons,1900,1.99,0.52,MEDIUM,0,driving lessons
driving lessons portsmouth uk,1900,1.48,0.54,MEDIUM,15,driving lessons
how many driving lessons do you have to have,1900,7.49,0.01,LOW,5,driving lessons
driving lessons derby,1900,2.42,0.5,MEDIUM,3,driving lessons
how much does it cost for driving lessons,1900,1.35,0.22,LOW,11,driving lessons
how much does driving lessons cost,1900,1.35,0.22,LOW,14,driving lessons
driving lessons package belfast,1900,1.16,0.16,LOW,18,driving lessons
lessons for driving a car,1900,2,0.58,MEDIUM,62,driving lessons
driving lessons portsmouth,1900,1.48,0.54,MEDIUM,3,driving lessons
mot test failures,1900,4.33,0.1,LOW,8,MOT test
pre mot test,1900,1.51,0.28,LOW,0,MOT test
cost of motorcycle mot test,1900,1.36,0.01,LOW,0,MOT test
re test mot,1900,5.29,0.03,LOW,,MOT test
view mot test certificate,1900,1.08,0.08,LOW,29,MOT test
mot test fail,1900,4.33,0.1,LOW,5,MOT test
fail mot test,1900,4.33,0.1,LOW,13,MOT test
record mot test results,1900,2.41,0.01,LOW,28,MOT test
motorcycle mot test cost,1900,1.36,0.01,LOW,0,MOT test
mot test failure,1900,4.33,0.1,LOW,8,MOT test
mot test stations,1900,2.88,0.19,LOW,30,MOT test
motorbike mot test cost,1900,1.36,0.01,LOW,12,MOT test
failed mot test,1900,4.33,0.1,LOW,5,MOT test
what does mot test check,1900,0.3,0.21,LOW,19,MOT test
mot test details,1900,0.59,0.04,LOW,29,MOT test
mot test station,1900,2.88,0.19,LOW,29,MOT test
mot test certificate check,1900,1.08,0.08,LOW,32,MOT test
parking permit westminster,1900,0.04,0,LOW,2,parking permit
parking permit brighton,1900,0,0,LOW,8,parking permit
permit parking brighton,1900,0,0,LOW,4,parking permit
barnet parking permit,1900,0,0,LOW,0,parking permit
barnet permit parking,1900,0,0,LOW,0,parking permit
parking permit barnet,1900,0,0,LOW,0,parking permit
brighton permit parking,1900,0,0,LOW,0,parking permit
city of westminster parking permit,1900,0.04,0,LOW,1,parking permit
westminster parking permit,1900,0.04,0,LOW,0,parking permit
parking permit in brighton,1900,0,0,LOW,5,parking permit
westminster disabled parking permit,1900,0.12,0.01,LOW,2,parking permit
brighton parking permit,1900,0,0,LOW,4,parking permit
cscs black card,1900,3.49,0.62,MEDIUM,5,CSCS card
black cscs card,1900,3.49,0.62,MEDIUM,12,CSCS card
black card cscs,1900,3.49,0.62,MEDIUM,9,CSCS card
cscs card black,1900,3.49,0.62,MEDIUM,6,CSCS card
skip hire bourne lincolnshire,1600,1.79,0.49,MEDIUM,0,skip hire
bourne skip hire,1600,1.79,0.49,MEDIUM,0,skip hire
bill and ben skip hire,1600,3.64,0.26,LOW,0,skip hire
skip hire midlothian,1600,1.68,0.31,LOW,0,skip hire
skip hire bourne lincs,1600,1.79,0.49,MEDIUM,0,skip hire
midlothian skip hire loanhead,1600,1.68,0.31,LOW,0,skip hire
midlothian skip hire,1600,1.68,0.31,LOW,16,skip hire
skip hire lincoln uk,1600,1.35,0.61,MEDIUM,0,skip hire
midlothian skip hire ltd,1600,1.68,0.31,LOW,16,skip hire
skip hire lincoln,1600,1.35,0.61,MEDIUM,0,skip hire
fowles skip hire,1600,6.41,0.08,LOW,0,skip hire
enterprise skip hire,1600,1.22,0.31,LOW,0,skip hire
skip hire in bourne,1600,1.79,0.49,MEDIUM,0,skip hire
skip hire bourne,1600,1.79,0.49,MEDIUM,0,skip hire
lincoln skip hire,1600,1.35,0.61,MEDIUM,0,skip hire
british gas boiler service booking,1600,1.91,0.49,MEDIUM,29,boiler service
british gas boiler service appointment,1600,1.91,0.49,MEDIUM,29,boiler service
book a boiler service british gas,1600,1.91,0.49,MEDIUM,31,boiler service
british gas service boiler booking,1600,1.91,0.49,MEDIUM,29,boiler service
service worcester boiler,1600,4.28,0.54,MEDIUM,0,boiler service
annual service for boiler,1600,6.91,0.64,MEDIUM,23,boiler service
book boiler service with british gas,1600,1.91,0.49,MEDIUM,29,boiler service
boiler service worcester,1600,4.28,0.54,MEDIUM,1,boiler service
book british gas boiler service,1600,1.91,0.49,MEDIUM,29,boiler service
vaillant boiler customer service,1600,1.77,0.27,LOW,4,boiler service
boiler annual service,1600,6.91,0.64,MEDIUM,15,boiler service
british gas boiler service offer £59,1600,4.7,0.54,MEDIUM,29,boiler service
british gas boiler service offer 59,1600,4.7,0.54,MEDIUM,29,boiler service
british gas boiler service book,1600,1.91,0.49,MEDIUM,29,boiler service
annual service boiler,1600,6.91,0.64,MEDIUM,15,boiler service
british gas book boiler service,1600,1.91,0.49,MEDIUM,29,boiler service
service a worcester boiler,1600,4.28,0.54,MEDIUM,0,boiler service
worcester boiler service,1600,4.28,0.54,MEDIUM,9,boiler service
boiler yearly service,1600,6.91,0.64,MEDIUM,27,boiler service
annual boiler service,1600,6.91,0.64,MEDIUM,15,boiler service
boiler service yearly,1600,6.91,0.64,MEDIUM,27,boiler service
book boiler service british gas,1600,1.91,0.49,MEDIUM,29,boiler service
british gas boiler service book appointment,1600,1.91,0.49,MEDIUM,29,boiler service
filing tax return online,1600,9.32,0.24,LOW,52,tax return
file an online tax return,1600,9.32,0.24,LOW,52,tax return
filing a tax return online,1600,9.32,0.24,LOW,52,tax return
online filing tax return,1600,9.32,0.24,LOW,62,tax return
accounting tax return,1600,12.42,0.52,MEDIUM,46,tax return
tax return accounting,1600,12.42,0.52,MEDIUM,46,tax return
how to do tax return,1600,4.27,0.53,MEDIUM,30,tax return
filing for tax return online,1600,9.32,0.24,LOW,70,tax return
file us tax return online,1600,9.32,0.24,LOW,77,tax return
tax return refund status,1600,4.47,0.05,LOW,44,tax return
file online tax return,1600,9.32,0.24,LOW,52,tax return
accountant tax return,1600,12.42,0.52,MEDIUM,33,tax return
tax return filing online,1600,9.32,0.24,LOW,52,tax return
online tax return filing,1600,9.32,0.24,LOW,52,tax return
tax return file online,1600,9.32,0.24,LOW,52,tax return
how to.do tax return,1600,4.27,0.53,MEDIUM,30,tax return
accountant for tax return,1600,12.42,0.52,MEDIUM,17,tax return
file a tax return,1600,8.29,0.31,LOW,44,tax return
file a tax return online,1600,9.32,0.24,LOW,52,tax return
how to do a tax return,1600,4.27,0.53,MEDIUM,30,tax return
file tax return online,1600,9.32,0.24,LOW,70,tax return
tax return online filing,1600,9.32,0.24,LOW,52,tax return
online tax return file,1600,9.32,0.24,LOW,52,tax return
file for tax return online,1600,9.32,0.24,LOW,52,tax return
tax return accountant,1600,12.42,0.52,MEDIUM,47,tax return
accountants for tax return,1600,12.42,0.52,MEDIUM,46,tax return
how to do the tax return,1600,4.27,0.53,MEDIUM,30,tax return
tax return submission online,1600,9.32,0.24,LOW,35,tax return
accountants tax return,1600,12.42,0.52,MEDIUM,46,tax return
pension calculator government,1600,2.54,0.07,LOW,53,pension calculator
www gov uk pension calculator,1600,2.54,0.07,LOW,62,pension calculator
pension calculator police,1600,2.98,0,LOW,0,pension calculator
gov uk pension calculator,1600,2.54,0.07,LOW,62,pension calculator
pension calculator final salary,1600,1.7,0.16,LOW,26,pension calculator
pension calculator nest,1600,2.93,0.02,LOW,0,pension calculator
nest pension scheme calculator,1600,2.93,0.02,LOW,0,pension calculator
police pension calculator,1600,2.98,0,LOW,0,pension calculator
moneyhelper pension calculator,1600,8.28,0.4,MEDIUM,40,pension calculator
final salary scheme pension calculator,1600,1.7,0.16,LOW,16,pension calculator
final salary pension scheme calculator,1600,1.7,0.16,LOW,16,pension calculator
nest pension calculator,1600,2.93,0.02,LOW,0,pension calculator
final salary pension calculator,1600,1.7,0.16,LOW,32,pension calculator
pension calculator gov.uk,1600,2.54,0.07,LOW,48,pension calculator
police pension scheme calculator,1600,2.98,0,LOW,0,pension calculator
pension calculator gov uk,1600,2.54,0.07,LOW,62,pension calculator
gov.uk pension calculator,1600,2.54,0.07,LOW,62,pension calculator
pension calculator gov,1600,2.54,0.07,LOW,62,pension calculator
physiotherapy masters degree,1600,2.38,0.47,MEDIUM,3,physiotherapy
master degree physiotherapy,1600,2.38,0.47,MEDIUM,9,physiotherapy
physiotherapy masters programs,1600,2.38,0.47,MEDIUM,10,physiotherapy
how much do physiotherapy earn,1600,0,0,LOW,0,physiotherapy
physiotherapy salary,1600,0,0.01,LOW,0,physiotherapy
vanbrugh physiotherapy,1600,2.29,0.06,LOW,0,physiotherapy
master of science in physiotherapy,1600,2.38,0.47,MEDIUM,13,physiotherapy
sciatic pain physiotherapy,1600,2.58,0.39,MEDIUM,7,physiotherapy
master degree in physiotherapy,1600,2.38,0.47,MEDIUM,10,physiotherapy
masters degree physiotherapy,1600,2.38,0.47,MEDIUM,3,physiotherapy
vanbrugh physiotherapy clinic,1600,2.29,0.06,LOW,0,physiotherapy
physiotherapy master degree,1600,2.38,0.47,MEDIUM,8,physiotherapy
master of physiotherapy,1600,2.38,0.47,MEDIUM,21,physiotherapy
how much does a physiotherapy earn,1600,0,0,LOW,0,physiotherapy
how much do physiotherapy make,1600,0,0,LOW,0,physiotherapy
physiotherapy definitions,1600,1.39,0.01,LOW,43,physiotherapy
hearing test for newborn,1600,4.51,0.07,LOW,0,hearing test
hearing test in newborn,1600,4.51,0.07,LOW,0,hearing test
infant hearing test,1600,4.51,0.07,LOW,3,hearing test
hearing test for infants,1600,4.51,0.07,LOW,3,hearing test
hearing test on newborns,1600,4.51,0.07,LOW,0,hearing test
newborn hearing test,1600,4.51,0.07,LOW,0,hearing test
how much is a hearing test at specsavers,1600,5.99,0.3,LOW,0,hearing test
how much is a specsavers hearing test,1600,5.99,0.3,LOW,1,hearing test
hearing test newborn,1600,4.51,0.07,LOW,0,hearing test
hearing test for newborns,1600,4.51,0.07,LOW,0,hearing test
how much is hearing test at specsavers,1600,5.99,0.3,LOW,0,hearing test
driving lessons in bedford,1600,1.9,0.37,MEDIUM,2,driving lessons
auto car driving lessons,1600,1.65,0.54,MEDIUM,14,driving lessons
driving lessons price uk,1600,1.07,0.18,LOW,22,driving lessons
driving lessons in the uk,1600,2.41,0.45,MEDIUM,61,driving lessons
uk driving lessons,1600,2.41,0.45,MEDIUM,61,driving lessons
swansea driving lessons,1600,1.99,0.4,MEDIUM,5,driving lessons
driving lessons bolton,1600,1.74,0.65,MEDIUM,13,driving lessons
uk driving lessons cost,1600,1.07,0.18,LOW,25,driving lessons
driving lessons in an automatic car,1600,1.65,0.54,MEDIUM,7,driving lessons
driving lessons with automatic car,1600,1.65,0.54,MEDIUM,7,driving lessons
driving lessons lincoln,1600,1.95,0.44,MEDIUM,0,driving lessons
driving lessons stoke on trent,1600,1.64,0.51,MEDIUM,0,driving lessons
cost driving lessons uk,1600,1.07,0.18,LOW,25,driving lessons
driving lessons brighton,1600,1.86,0.55,MEDIUM,4,driving lessons
bolton driving lessons,1600,1.74,0.65,MEDIUM,2,driving lessons
brighton driving lessons,1600,1.86,0.55,MEDIUM,16,driving lessons
driving lessons prices uk,1600,1.07,0.18,LOW,16,driving lessons
driving lessons in bolton,1600,1.74,0.65,MEDIUM,2,driving lessons
driving lessons in gloucester,1600,1.85,0.35,MEDIUM,0,driving lessons
driving lessons reading uk,1600,1.38,0.57,MEDIUM,8,driving lessons
driving lessons uk,1600,2.41,0.45,MEDIUM,59,driving lessons
drive an automatic car driving lessons,1600,1.65,0.54,MEDIUM,7,driving lessons
driving lessons gloucester,1600,1.85,0.35,MEDIUM,0,driving lessons
reading driving lessons,1600,1.38,0.57,MEDIUM,2,driving lessons
driving automatic car lessons,1600,1.65,0.54,MEDIUM,25,driving lessons
refresher driving lessons,1600,1.69,0.39,MEDIUM,0,driving lessons
driving lessons in automatic car,1600,1.65,0.54,MEDIUM,7,driving lessons
driving lessons in bedford uk,1600,1.9,0.37,MEDIUM,2,driving lessons
driving lessons stoke-on trent,1600,1.64,0.51,MEDIUM,0,driving lessons
driving lessons in stoke,1600,1.64,0.51,MEDIUM,15,driving lessons
stoke on trent driving lessons,1600,1.64,0.51,MEDIUM,0,driving lessons
cost of driving lessons uk,1600,1.07,0.18,LOW,26,driving lessons
driving lessons in england,1600,2.41,0.45,MEDIUM,49,driving lessons
driving lessons hull,1600,1.68,0.46,MEDIUM,2,driving lessons
driving lessons for automatic cars,1600,1.65,0.54,MEDIUM,7,driving lessons
how many driving lessons do i need,1600,2.94,0.03,LOW,0,driving lessons
cheapest driving lessons near me,1600,1.57,0.63,MEDIUM,26,driving lessons
stoke driving lessons,1600,1.64,0.51,MEDIUM,7,driving lessons
lincoln driving lessons,1600,1.95,0.44,MEDIUM,0,driving lessons
driving lessons in stoke on trent,1600,1.64,0.51,MEDIUM,10,driving lessons
brighton and hove driving lessons,1600,1.86,0.55,MEDIUM,0,driving lessons
driving lessons stoke-on-trent,1600,1.64,0.51,MEDIUM,6,driving lessons
how many driving lessons will i need,1600,2.94,0.03,LOW,0,driving lessons
driving lessons uk price,1600,1.07,0.18,LOW,22,driving lessons
driving lessons in lincoln uk,1600,1.95,0.44,MEDIUM,0,driving lessons
driving lessons in lincoln,1600,1.95,0.44,MEDIUM,0,driving lessons
stoke-on-trent driving lessons,1600,1.64,0.51,MEDIUM,0,driving lessons
driving lessons lincoln uk,1600,1.95,0.44,MEDIUM,0,driving lessons
driving lessons reading berkshire,1600,1.38,0.57,MEDIUM,6,driving lessons
driving lessons in hull,1600,1.68,0.46,MEDIUM,5,driving lessons
automatic car driving lessons,1600,1.65,0.54,MEDIUM,7,driving lessons
driving lessons in stoke-on-trent,1600,1.64,0.51,MEDIUM,0,driving lessons
driving lessons in reading berkshire,1600,1.38,0.57,MEDIUM,6,driving lessons
driving lessons reading,1600,1.38,0.57,MEDIUM,3,driving lessons
red driving lessons,1600,2.2,0.17,LOW,15,driving lessons
cost of driving lessons in the uk,1600,1.07,0.18,LOW,25,driving lessons
affordable driving lessons near me,1600,1.57,0.63,MEDIUM,15,driving lessons
british driving lessons,1600,2.41,0.45,MEDIUM,59,driving lessons
driving lessons in uk,1600,2.41,0.45,MEDIUM,61,driving lessons
driving lessons in swansea,1600,1.99,0.4,MEDIUM,0,driving lessons
driving refresher lessons,1600,1.69,0.39,MEDIUM,0,driving lessons
automatic cars driving lessons,1600,1.65,0.54,MEDIUM,7,driving lessons
driving lessons in brighton,1600,1.86,0.55,MEDIUM,16,driving lessons
driving lessons in reading uk,1600,1.38,0.57,MEDIUM,11,driving lessons
driving lessons automatic cars,1600,1.65,0.54,MEDIUM,7,driving lessons
driving lessons automatic car,1600,1.65,0.54,MEDIUM,7,driving lessons
driving lessons cost uk,1600,1.07,0.18,LOW,22,driving lessons
driving lessons uk cost,1600,1.07,0.18,LOW,25,driving lessons
driving lessons swansea,1600,1.99,0.4,MEDIUM,0,driving lessons
driving lessons in reading,1600,1.38,0.57,MEDIUM,0,driving lessons
hull driving lessons,1600,1.68,0.46,MEDIUM,2,driving lessons
gloucester driving lessons,1600,1.85,0.35,MEDIUM,0,driving lessons
driving lessons bedford,1600,1.9,0.37,MEDIUM,0,driving lessons
bedford driving lessons,1600,1.9,0.37,MEDIUM,0,driving lessons
bedfordshire driving lessons,1600,1.9,0.37,MEDIUM,0,driving lessons
cheap driving lessons near me,1600,1.57,0.63,MEDIUM,26,driving lessons
driving lessons uk prices,1600,1.07,0.18,LOW,22,driving lessons
driving lessons gloucester uk,1600,1.85,0.35,MEDIUM,7,driving lessons
driving lessons stoke,1600,1.64,0.51,MEDIUM,15,driving lessons
driving lessons for automatic car,1600,1.65,0.54,MEDIUM,7,driving lessons
mot test ni book online,1600,1.48,0,LOW,51,MOT test
mot test northern ireland book online,1600,1.48,0,LOW,50,MOT test
new car mot test,1600,1.31,0.04,LOW,12,MOT test
book mot test online northern ireland,1600,1.48,0,LOW,52,MOT test
booking mot test online ni,1600,1.48,0,LOW,51,MOT test
dvla mot test booking,1600,1.39,0.02,LOW,19,MOT test
book mot test belfast,1600,1.48,0,LOW,50,MOT test
birmingham mot test,1600,3.12,0.37,MEDIUM,0,MOT test
what is checked on mot test,1600,0.25,0.21,LOW,19,MOT test
ni direct mot test,1600,2.31,0.01,LOW,19,MOT test
cookstown mot test centre,1600,0,0.02,LOW,11,MOT test
when will a new car need its first mot test,1600,0,0,LOW,7,MOT test
mot test centre mallusk,1600,0.19,0.07,LOW,7,MOT test
mallusk mot test centre,1600,0.19,0.07,LOW,8,MOT test
what is checked on an mot test,1600,0.25,0.21,LOW,16,MOT test
mot test what is checked,1600,0.25,0.21,LOW,19,MOT test
when will a new car needs its first mot test,1600,0,0,LOW,6,MOT test
book mot test online ni,1600,1.48,0,LOW,50,MOT test
nidirect mot test,1600,2.31,0.01,LOW,33,MOT test
what is checked in an mot test,1600,0.25,0.21,LOW,19,MOT test
mot test centre cookstown,1600,0,0.02,LOW,11,MOT test
london parking permit,1600,1.64,0,LOW,24,parking permit
royal borough of kensington and chelsea parking permit,1600,0,0,LOW,1,parking permit
applying for parking permit,1600,0,0,LOW,0,parking permit
apply for permit parking,1600,0,0,LOW,4,parking permit
parking permit rbkc,1600,0,0,LOW,0,parking permit
parking permit kingston,1600,0,0,LOW,1,parking permit
leeds parking permit,1600,0,0,LOW,1,parking permit
ealing parking permit,1600,0,0,LOW,5,parking permit
apply for a parking permit,1600,0,0,LOW,0,parking permit
kingston permit parking,1600,0,0,LOW,1,parking permit
leeds permit parking,1600,0,0,LOW,0,parking permit
parking permit ealing,1600,0,0,LOW,0,parking permit
bristol permit parking,1600,1.33,0,LOW,1,parking permit
rbkc parking permit,1600,0,0,LOW,0,parking permit
permit parking london,1600,1.64,0,LOW,22,parking permit
parking permit in london,1600,1.64,0,LOW,22,parking permit
kingston upon thames parking permit,1600,0,0,LOW,0,parking permit
permit parking nottingham,1600,0,0,LOW,5,parking permit
leeds city parking permit,1600,0,0,LOW,0,parking permit
parking permit bristol,1600,1.33,0,LOW,4,parking permit
apply for parking permit,1600,0,0,LOW,5,parking permit
chelsea and kensington parking permit,1600,0,0,LOW,0,parking permit
kensington chelsea parking permit,1600,0,0,LOW,0,parking permit
parking permit leeds,1600,0,0,LOW,0,parking permit
apply parking permit,1600,0,0,LOW,4,parking permit
parking permit nottingham,1600,0,0,LOW,5,parking permit
nottingham parking permit,1600,0,0,LOW,0,parking permit
ealing permit parking,1600,0,0,LOW,0,parking permit
applying for a parking permit,1600,0,0,LOW,4,parking permit
kingston parking permit,1600,0,0,LOW,0,parking permit
kensington & chelsea parking permit,1600,0,0,LOW,0,parking permit
bristol parking permit,1600,1.33,0,LOW,0,parking permit
parking permit london,1600,1.64,0,LOW,21,parking permit
nottingham city parking permit,1600,0,0,LOW,0,parking permit
kensington and chelsea parking permit,1600,0,0,LOW,0,parking permit
parking permit kensington and chelsea,1600,0,0,LOW,0,parking permit
how long does a cscs card last,1600,2.14,0.08,LOW,18,CSCS card
how long does cscs card last,1600,2.14,0.08,LOW,18,CSCS card
how long does the cscs card last,1600,2.14,0.08,LOW,18,CSCS card
cscs gold card,1600,2.38,0.63,MEDIUM,6,CSCS card
cscs card categories,1600,0.79,0.39,MEDIUM,0,CSCS card
cscs card type,1600,0.79,0.39,MEDIUM,1,CSCS card
cscs card types,1600,0.79,0.39,MEDIUM,0,CSCS card
cscs card gold card,1600,2.38,0.63,MEDIUM,6,CSCS card
cscs card gold,1600,2.38,0.63,MEDIUM,25,CSCS card
gold card cscs,1600,2.38,0.63,MEDIUM,5,CSCS card
types of cscs card,1600,0.79,0.39,MEDIUM,0,CSCS card
forest of dean log cabin,1600,1.74,0.64,MEDIUM,0,log cabin
log cabin in forest of dean,1600,1.74,0.64,MEDIUM,0,log cabin
the log cabin,1600,2.49,0.05,LOW,4,log cabin
log cabin forest of dean,1600,1.74,0.64,MEDIUM,0,log cabin
the log cabin restaurant,1600,2.49,0.05,LOW,0,log cabin
compare energy bill,1300,6.42,0.61,MEDIUM,76,energy bill
energy bill comparison,1300,6.42,0.61,MEDIUM,72,energy bill
energy bill comparisons,1300,6.42,0.61,MEDIUM,72,energy bill
energy bill compare,1300,6.42,0.61,MEDIUM,72,energy bill
gwynedd skip hire,1300,1.91,0.27,LOW,0,skip hire
baileys skip hire,1300,3,0.12,LOW,0,skip hire
oil boiler service,1300,2.6,0.62,MEDIUM,0,boiler service
boiler service oil,1300,2.6,0.62,MEDIUM,0,boiler service
bosch worcester boiler service,1300,4.98,0.45,MEDIUM,0,boiler service
boiler service worcester bosch,1300,4.98,0.45,MEDIUM,0,boiler service
boiler service cover,1300,11.93,0.58,MEDIUM,35,boiler service
service an oil boiler,1300,2.6,0.62,MEDIUM,0,boiler service
boiler service and cover,1300,11.93,0.58,MEDIUM,35,boiler service
worcester bosch boiler service,1300,4.98,0.45,MEDIUM,0,boiler service
boiler cover and service,1300,11.93,0.58,MEDIUM,35,boiler service
service oil boiler,1300,2.6,0.62,MEDIUM,0,boiler service
boiler cover service,1300,11.93,0.58,MEDIUM,51,boiler service
boiler cover with service,1300,11.93,0.58,MEDIUM,35,boiler service
boiler and service cover,1300,11.93,0.58,MEDIUM,35,boiler service
debt citizens advice,1300,5.45,0.56,MEDIUM,52,debt advice
citizens advice bureau debt,1300,5.45,0.56,MEDIUM,52,debt advice
debt advice citizens advice,1300,5.45,0.56,MEDIUM,52,debt advice
citizen advice debt,1300,5.45,0.56,MEDIUM,65,debt advice
debt advice cab,1300,5.45,0.56,MEDIUM,27,debt advice
cab debt advice,1300,5.45,0.56,MEDIUM,27,debt advice
citizens advice debt,1300,5.45,0.56,MEDIUM,52,debt advice
debt advice bureau,1300,5.45,0.56,MEDIUM,52,debt advice
citizens advice for debt,1300,5.45,0.56,MEDIUM,52,debt advice
tax return dates,1300,1.39,0.03,LOW,13,tax return
estimate of tax return calculator,1300,1.28,0.24,LOW,46,tax return
tax return calculator uk,1300,1.72,0.23,LOW,44,tax return
do i need to do a tax return,1300,2.81,0.05,LOW,28,tax return
income tax return india,1300,0,0,LOW,60,tax return
do i have to do a tax return,1300,2.81,0.05,LOW,19,tax return
do i have to do tax return,1300,2.81,0.05,LOW,24,tax return
date for tax return,1300,1.39,0.03,LOW,13,tax return
number for hmrc tax return,1300,4.79,0.02,LOW,26,tax return
tax return hmrc phone number,1300,4.79,0.02,LOW,18,tax return
income tax return online filing,1300,2.29,0.04,LOW,33,tax return
form for tax return,1300,3.33,0.15,LOW,33,tax return
tax return hmrc contact number,1300,4.79,0.02,LOW,24,tax return
hm revenue customs tax return contact number,1300,4.79,0.02,LOW,,tax return
hmrc tax return telephone number,1300,4.79,0.02,LOW,50,tax return
hm revenue and customs tax return contact number,1300,4.79,0.02,LOW,24,tax return
income tax return,1300,4.11,0.06,LOW,42,tax return
tax return check,1300,2.23,0.1,LOW,52,tax return
schedule for tax return,1300,1.39,0.03,LOW,11,tax return
tax return date,1300,1.39,0.03,LOW,13,tax return
tax income return,1300,4.11,0.06,LOW,42,tax return
return of income tax,1300,4.11,0.06,LOW,27,tax return
contact number for hmrc tax return,1300,4.79,0.02,LOW,24,tax return
uk tax return calculator,1300,1.72,0.23,LOW,44,tax return
hmrc tax return contact number,1300,4.79,0.02,LOW,24,tax return
hmrc contact number tax return,1300,4.79,0.02,LOW,24,tax return
tax return uk calculator,1300,1.72,0.23,LOW,44,tax return
rift tax return,1300,2.95,0.42,MEDIUM,22,tax return
income income tax return,1300,4.11,0.06,LOW,42,tax return
tax return return dates,1300,1.39,0.03,LOW,13,tax return
hmrc tax return phone number,1300,4.79,0.02,LOW,28,tax return
tax return form,1300,3.33,0.15,LOW,33,tax return
tax return forms,1300,3.33,0.15,LOW,33,tax return
do i need to complete a tax return,1300,14.25,0.02,LOW,20,tax return
tax return income,1300,4.11,0.06,LOW,42,tax return
income tax return filing,1300,2.29,0.04,LOW,87,tax return
calculator tax return uk,1300,1.72,0.23,LOW,12,tax return
tax return hmrc number,1300,4.79,0.02,LOW,27,tax return
tax return contact number hmrc,1300,4.79,0.02,LOW,24,tax return
return tax uk calculator,1300,1.72,0.23,LOW,34,tax return
tax return number hmrc,1300,4.79,0.02,LOW,26,tax return
check tax return,1300,2.23,0.1,LOW,85,tax return
hm revenue and customs tax return phone number,1300,4.79,0.02,LOW,34,tax return
tax return estimate uk,1300,1.72,0.23,LOW,8,tax return
dates for tax return,1300,1.39,0.03,LOW,13,tax return
tax return checker,1300,2.23,0.1,LOW,53,tax return
tax return format,1300,3.33,0.15,LOW,36,tax return
hmrc tax return number,1300,4.79,0.02,LOW,26,tax return
tax return calculator refund,1300,1.28,0.24,LOW,26,tax return
uk pension drawdown calculator,1300,2.44,0.56,MEDIUM,7,pension calculator
drawdown pension calculator uk,1300,2.44,0.56,MEDIUM,7,pension calculator
pension growth calculator,1300,1.89,0.23,LOW,19,pension calculator
civil service pension calculator,1300,4.4,0,LOW,10,pension calculator
pension forecast calculator,1300,2.3,0.26,LOW,26,pension calculator
pension drawdown calculator uk,1300,2.44,0.56,MEDIUM,7,pension calculator
dentist cost private,1300,2.87,0.43,MEDIUM,0,private dentist
dentist costs private,1300,2.87,0.43,MEDIUM,0,private dentist
private dentist plans,1300,4.81,0.57,MEDIUM,38,private dentist
london physiotherapy job,1300,1.7,0.18,LOW,0,physiotherapy
physiotherapy exercises knee pain,1300,1.15,0.26,LOW,9,physiotherapy
physiotherapy jobs london uk,1300,1.7,0.18,LOW,0,physiotherapy
physiotherapy job london,1300,1.7,0.18,LOW,0,physiotherapy
physiotherapy jobs in london,1300,1.7,0.18,LOW,0,physiotherapy
physiotherapy jobs in london england,1300,1.7,0.18,LOW,0,physiotherapy
universities for physiotherapy,1300,2.24,0.47,MEDIUM,0,physiotherapy
physiotherapy oxford circus,1300,1.5,0.15,LOW,0,physiotherapy
richmond physiotherapy richmond,1300,6.37,0.27,LOW,0,physiotherapy
nordic balance st james's gym & physiotherapy,1300,1.87,0.06,LOW,0,physiotherapy
knee pain exercise physiotherapy,1300,1.15,0.26,LOW,31,physiotherapy
physiotherapy vacancies london,1300,1.7,0.18,LOW,0,physiotherapy
physiotherapy universities,1300,2.24,0.47,MEDIUM,2,physiotherapy
universities with physiotherapy,1300,2.24,0.47,MEDIUM,7,physiotherapy
dog physiotherapy near me,1300,2.22,0.33,LOW,0,physiotherapy
universities physiotherapy,1300,2.24,0.47,MEDIUM,17,physiotherapy
boots hearing test near me,1300,3.11,0.66,MEDIUM,19,hearing test
hearing test rnid,1300,2.8,0.56,MEDIUM,13,hearing test
rnid hearing test,1300,2.8,0.56,MEDIUM,30,hearing test
driving lessons slough,1300,1.99,0.56,MEDIUM,1,driving lessons
driving lessons southend on sea,1300,1.74,0.44,MEDIUM,0,driving lessons
warrington driving lessons,1300,1.92,0.52,MEDIUM,0,driving lessons
driving lessons stafford,1300,1.25,0.41,MEDIUM,0,driving lessons
driving lessons oxford uk,1300,1.95,0.52,MEDIUM,13,driving lessons
driving lessons in oxford uk,1300,1.95,0.52,MEDIUM,13,driving lessons
driving lessons in stafford,1300,1.25,0.41,MEDIUM,0,driving lessons
driving lessons in exeter,1300,1.91,0.61,MEDIUM,0,driving lessons
driving lessons in ashford,1300,1.52,0.41,MEDIUM,0,driving lessons
driving lessons bournemouth,1300,2.14,0.5,MEDIUM,0,driving lessons
driving lessons exeter,1300,1.91,0.61,MEDIUM,5,driving lessons
driving lessons southend,1300,1.74,0.44,MEDIUM,0,driving lessons
driving lessons in bournemouth,1300,2.14,0.5,MEDIUM,0,driving lessons
driving lessons watford,1300,2.08,0.47,MEDIUM,3,driving lessons
driving lessons in watford,1300,2.08,0.47,MEDIUM,3,driving lessons
slough driving lessons,1300,1.99,0.56,MEDIUM,0,driving lessons
huddersfield driving lessons,1300,1.76,0.4,MEDIUM,0,driving lessons
doncaster driving lessons,1300,1.88,0.43,MEDIUM,4,driving lessons
how much is driving lessons,1300,1.29,0.27,LOW,13,driving lessons
driving lessons dundee,1300,1.5,0.38,MEDIUM,0,driving lessons
driving lessons doncaster,1300,1.88,0.43,MEDIUM,4,driving lessons
driving lessons in southend on sea,1300,1.74,0.44,MEDIUM,0,driving lessons
auto driving lessons liverpool,1300,1.61,0.49,MEDIUM,18,driving lessons
driving lessons in oxfordshire,1300,1.95,0.52,MEDIUM,19,driving lessons
driving lessons ashford,1300,1.52,0.41,MEDIUM,0,driving lessons
driving lessons in warrington,1300,1.92,0.52,MEDIUM,0,driving lessons
driving lessons in slough uk,1300,1.99,0.56,MEDIUM,1,driving lessons
southend on sea driving lessons,1300,1.74,0.44,MEDIUM,0,driving lessons
driving lessons watford hertfordshire,1300,2.08,0.47,MEDIUM,3,driving lessons
driving lessons in slough,1300,1.99,0.56,MEDIUM,0,driving lessons
driving lessons southend-on-sea,1300,1.74,0.44,MEDIUM,0,driving lessons
colchester driving lessons,1300,2.51,0.45,MEDIUM,19,driving lessons
bournemouth driving lessons,1300,2.14,0.5,MEDIUM,0,driving lessons
mot test centre craigavon,1300,1.18,0.04,LOW,11,MOT test
earliest date for mot test,1300,0.14,0.02,LOW,0,MOT test
mot test center,1300,2.77,0.43,MEDIUM,44,MOT test
mot test centre new buildings,1300,0.9,0.03,LOW,7,MOT test
mot test centre newbuildings,1300,0.9,0.03,LOW,11,MOT test
mot test cardiff,1300,5.36,0.51,MEDIUM,0,MOT test
mot test fee,1300,1.61,0.23,LOW,38,MOT test
mot test grace period,1300,5.34,0.02,LOW,0,MOT test
motorcycle mot test centre near me,1300,0.84,0.18,LOW,13,MOT test
why do mot tests include an exhaust emission test,1300,0,0,LOW,0,MOT test
lost mot test certificate,1300,0,0,LOW,2,MOT test
motorcycle mot test centres near me,1300,0.84,0.18,LOW,11,MOT test
motorbike mot test centres near me,1300,0.84,0.18,LOW,0,MOT test
mot test centre lisburn,1300,1.73,0.07,LOW,4,MOT test
motorbike mot test centre near me,1300,0.84,0.18,LOW,22,MOT test
mot test leicester,1300,3.83,0.34,MEDIUM,0,MOT test
mot test fees,1300,1.61,0.23,LOW,9,MOT test
craigavon mot test centre,1300,1.18,0.04,LOW,10,MOT test
new buildings mot test centre,1300,0.9,0.03,LOW,7,MOT test
parking permit hounslow,1300,0,0,LOW,3,parking permit
parking permit st albans,1300,0,0,LOW,0,parking permit
hillingdon parking permit,1300,0,0,LOW,0,parking permit
london borough of hounslow parking permit,1300,0,0,LOW,2,parking permit
parking permit hillingdon,1300,0,0,LOW,1,parking permit
brent parking permit,1300,0,0,LOW,0,parking permit
hounslow permit parking,1300,0,0,LOW,0,parking permit
hounslow parking permit,1300,0,0,LOW,0,parking permit
bradford parking permit,1300,0,0,LOW,1,parking permit
parking permit reading,1300,0,0,LOW,2,parking permit
parking permit brent,1300,0,0,LOW,2,parking permit
permit parking cardiff,1300,0,0,LOW,0,parking permit
cardiff city parking permit,1300,0,0,LOW,0,parking permit
cardiff parking permit,1300,0,0,LOW,0,parking permit
portsmouth parking permit,1300,0,0,LOW,0,parking permit
permit parking portsmouth,1300,0,0,LOW,0,parking permit
st albans parking permit,1300,0,0,LOW,0,parking permit
reading permit parking,1300,0,0,LOW,0,parking permit
hackney parking permit login,1300,0,0,LOW,0,parking permit
reading parking permit,1300,0,0,LOW,2,parking permit
disabled parking permit uk,1300,2.86,0.2,LOW,26,parking permit
parking permit bradford,1300,0,0,LOW,0,parking permit
cardiff permit parking,1300,0,0,LOW,0,parking permit
parking permit cardiff,1300,0,0,LOW,0,parking permit
permit parking reading,1300,0,0,LOW,0,parking permit
parking permit portsmouth,1300,0,0,LOW,0,parking permit
cscs card check online,1300,0.76,0.19,LOW,58,CSCS card
cscs card online check,1300,0.76,0.19,LOW,58,CSCS card
app for cscs card,1300,4.22,0.64,MEDIUM,,CSCS card
check cscs card online,1300,0.76,0.19,LOW,56,CSCS card
online cscs card check,1300,0.76,0.19,LOW,56,CSCS card
cscs card checker online,1300,0.76,0.19,LOW,59,CSCS card
cscs online card checker,1300,0.76,0.19,LOW,33,CSCS card
online card checker cscs,1300,0.76,0.19,LOW,33,CSCS card
cscs card application,1300,4.22,0.64,MEDIUM,49,CSCS card
online cscs card checker,1300,0.76,0.19,LOW,56,CSCS card
forklift truck licence cost,1300,1.92,0.41,MEDIUM,0,forklift licence
cost for forklift licence,1300,1.92,0.41,MEDIUM,0,forklift licence
forklift licence cost,1300,1.92,0.41,MEDIUM,0,forklift licence
cost of forklift licence,1300,1.92,0.41,MEDIUM,0,forklift licence
forklift driver licence price,1300,1.92,0.41,MEDIUM,0,forklift licence
cost forklift licence,1300,1.92,0.41,MEDIUM,0,forklift licence
log cabin minecraft,1300,0,0,LOW,2,log cabin
minecraft log cabin,1300,0,0,LOW,1,log cabin
energy bill calculator,1000,4.53,0.61,MEDIUM,0,energy bill
boiler service repairs,1000,9.08,0.41,MEDIUM,21,boiler service
boiler service and repairs,1000,9.08,0.41,MEDIUM,14,boiler service
ideal boiler service,1000,1.86,0.62,MEDIUM,0,boiler service
boiler repair service,1000,9.08,0.41,MEDIUM,21,boiler service
boiler service and repair,1000,9.08,0.41,MEDIUM,31,boiler service
boiler service repair,1000,9.08,0.41,MEDIUM,21,boiler service
homeserve boiler service,1000,4.39,0.53,MEDIUM,5,boiler service
boiler repair and service,1000,9.08,0.41,MEDIUM,28,boiler service
boiler service homeserve,1000,4.39,0.53,MEDIUM,0,boiler service
how much for loft insulation,1000,3.56,0.66,MEDIUM,8,loft insulation
loft insulation how much,1000,3.56,0.66,MEDIUM,8,loft insulation
how much insulation in loft,1000,3.56,0.66,MEDIUM,4,loft insulation
how much is loft insulation,1000,3.56,0.66,MEDIUM,15,loft insulation
how much loft insulation,1000,3.56,0.66,MEDIUM,8,loft insulation
free advice for debt,1000,16.56,0.54,MEDIUM,76,debt advice
debt free advice,1000,16.56,0.54,MEDIUM,75,debt advice
free advice on debt,1000,16.56,0.54,MEDIUM,76,debt advice
debt-free advice,1000,16.56,0.54,MEDIUM,75,debt advice
debt advice free,1000,16.56,0.54,MEDIUM,75,debt advice
free debt advice,1000,16.56,0.54,MEDIUM,75,debt advice
how to file a tax return,1000,5.84,0.49,MEDIUM,34,tax return
self assessment tax return gov uk,1000,3.22,0.1,LOW,38,tax return
tax return payment,1000,6.17,0.04,LOW,12,tax return
tax return number to call,1000,4.45,0.15,LOW,33,tax return
paying tax return,1000,6.17,0.04,LOW,33,tax return
tax return pay,1000,6.17,0.04,LOW,29,tax return
complete a self assessment tax return,1000,6.18,0.17,LOW,42,tax return
file company tax return,1000,20.56,0.48,MEDIUM,55,tax return
complete self assessment tax return,1000,6.18,0.17,LOW,42,tax return
sa100 tax return,1000,2.62,0.08,LOW,14,tax return
digital tax return,1000,4.11,0.65,MEDIUM,22,tax return
how to tax return file,1000,5.84,0.49,MEDIUM,23,tax return
login to tax return,1000,1.98,0.01,LOW,82,tax return
file tax return company,1000,20.56,0.48,MEDIUM,37,tax return
gov uk self assessment tax return,1000,3.22,0.1,LOW,55,tax return
phone number for tax return,1000,4.45,0.15,LOW,29,tax return
how to file for tax return,1000,5.84,0.49,MEDIUM,28,tax return
file my tax return,1000,5.54,0.23,LOW,63,tax return
how file tax return,1000,5.84,0.49,MEDIUM,35,tax return
corporate tax return,1000,10.42,0.32,LOW,31,tax return
how to file us tax return,1000,5.84,0.49,MEDIUM,65,tax return
corporation tax return,1000,10.42,0.32,LOW,31,tax return
file a company tax return,1000,20.56,0.48,MEDIUM,55,tax return
how to file for a tax return,1000,5.84,0.49,MEDIUM,26,tax return
how to submit tax return,1000,5.84,0.49,MEDIUM,52,tax return
when tax return due,1000,3.61,0.04,LOW,8,tax return
how to file tax return,1000,5.84,0.49,MEDIUM,44,tax return
filing company tax return,1000,20.56,0.48,MEDIUM,37,tax return
personal tax return,1000,4.6,0.14,LOW,48,tax return
tax return washing uniform,1000,1.28,0.14,LOW,10,tax return
tax return calculator hmrc,1000,1.98,0.24,LOW,20,tax return
tax return sign in,1000,1.98,0.01,LOW,32,tax return
how to file a us tax return,1000,5.84,0.49,MEDIUM,65,tax return
self assessment tax return gov.uk,1000,3.22,0.1,LOW,55,tax return
tax return phone number,1000,4.45,0.15,LOW,29,tax return
when tax return deadline,1000,3.61,0.04,LOW,10,tax return
when is tax return due,1000,3.61,0.04,LOW,9,tax return
company tax return filing,1000,20.56,0.48,MEDIUM,55,tax return
gov.uk self assessment tax return,1000,3.22,0.1,LOW,55,tax return
gov gateway tax return,1000,2.21,0.04,LOW,82,tax return
government gateway tax return,1000,2.21,0.04,LOW,82,tax return
pay tax return,1000,6.17,0.04,LOW,29,tax return
sa 100 tax return,1000,2.62,0.08,LOW,12,tax return
government gateway for tax return,1000,2.21,0.04,LOW,42,tax return
submit vat tax return,1000,59.47,0.4,MEDIUM,34,tax return
tax return sa100,1000,2.62,0.08,LOW,14,tax return
how do i file a tax return,1000,5.84,0.49,MEDIUM,44,tax return
tax return corporation,1000,10.42,0.32,LOW,31,tax return
legal and general pension calculator,1000,4.4,0.13,LOW,20,pension calculator
pension tax calculator lump sum,1000,1.8,0.2,LOW,9,pension calculator
working place pension calculator,1000,2.04,0.17,LOW,15,pension calculator
pension calculator legal and general,1000,4.4,0.13,LOW,20,pension calculator
state pension deferral calculator,1000,2.44,0.01,LOW,11,pension calculator
lump sum pension tax calculator,1000,1.8,0.2,LOW,10,pension calculator
government pension plan calculator,1000,3.42,0.04,LOW,56,pension calculator
tax calculator on pension lump sum,1000,1.8,0.2,LOW,7,pension calculator
pension lump sum tax calculator,1000,1.8,0.2,LOW,4,pension calculator
deferred state pension calculator,1000,2.44,0.01,LOW,21,pension calculator
tax on pension lump sum calculator,1000,1.8,0.2,LOW,8,pension calculator
workplace pension scheme calculator,1000,2.04,0.17,LOW,16,pension calculator
pension calculator workplace,1000,2.04,0.17,LOW,27,pension calculator
works pension calculator,1000,2.04,0.17,LOW,25,pension calculator
government pension scheme calculator,1000,3.42,0.04,LOW,53,pension calculator
legal general pension calculator,1000,4.4,0.13,LOW,20,pension calculator
government pension calculator,1000,3.42,0.04,LOW,53,pension calculator
uk state pension deferral calculator,1000,2.44,0.01,LOW,13,pension calculator
deferring state pension calculator,1000,2.44,0.01,LOW,1,pension calculator
defer state pension calculator,1000,2.44,0.01,LOW,21,pension calculator
pension lump sum taxes calculator,1000,1.8,0.2,LOW,11,pension calculator
work pension calculator,1000,2.04,0.17,LOW,32,pension calculator
pension government calculator,1000,3.42,0.04,LOW,53,pension calculator
gov pension calculator,1000,3.42,0.04,LOW,55,pension calculator
workplace pension calculator,1000,2.04,0.17,LOW,26,pension calculator
physiotherapy horses,1000,3.27,0.09,LOW,0,physiotherapy
physiotherapy for horses,1000,3.27,0.09,LOW,0,physiotherapy
massage and physiotherapy near me,1000,2.51,0.57,MEDIUM,29,physiotherapy
physiotherapy massager,1000,2.18,0.61,MEDIUM,0,physiotherapy
physiotherapy exercise,1000,3.68,0.02,LOW,15,physiotherapy
nordic balance abbeville road physiotherapy,1000,2.28,0.07,LOW,0,physiotherapy
how to spell physiotherapy,1000,0,0,LOW,25,physiotherapy
massage in physiotherapy,1000,2.18,0.61,MEDIUM,1,physiotherapy
physiotherapy for elderly people,1000,2.17,0.36,MEDIUM,1,physiotherapy
west london physiotherapy london,1000,2.3,0.14,LOW,13,physiotherapy
master of science physiotherapy,1000,2.31,0.3,LOW,13,physiotherapy
jobs sports physiotherapy,1000,2.17,0.03,LOW,0,physiotherapy
physiotherapy degree apprenticeship,1000,1.88,0.27,LOW,9,physiotherapy
physiotherapy jobs in sport,1000,2.17,0.03,LOW,0,physiotherapy
equine physiotherapy,1000,3.27,0.09,LOW,0,physiotherapy
sports physiotherapy vacancy,1000,2.17,0.03,LOW,0,physiotherapy
jam physiotherapy blackpool,1000,3.9,0.03,LOW,0,physiotherapy
physiotherapy sport jobs,1000,2.17,0.03,LOW,0,physiotherapy
g4 physiotherapy & fitness,1000,0.81,0.1,LOW,0,physiotherapy
massage and physiotherapy,1000,2.18,0.61,MEDIUM,0,physiotherapy
physiotherapy assistant,1000,1.57,0.06,LOW,0,physiotherapy
horse physiotherapy,1000,3.27,0.09,LOW,0,physiotherapy
physiotherapy with massage,1000,2.18,0.61,MEDIUM,7,physiotherapy
physiotherapy for knees exercises,1000,0.54,0.21,LOW,15,physiotherapy
sports physiotherapy vacancies,1000,2.17,0.03,LOW,0,physiotherapy
sports physiotherapy job,1000,2.17,0.03,LOW,6,physiotherapy
physiotherapy equine,1000,3.27,0.09,LOW,0,physiotherapy
physiotherapy jobs sport,1000,2.17,0.03,LOW,0,physiotherapy
massage physiotherapy near me,1000,2.51,0.57,MEDIUM,24,physiotherapy
massage physiotherapy,1000,2.18,0.61,MEDIUM,0,physiotherapy
keith james physiotherapy,1000,6.71,0.09,LOW,0,physiotherapy
ear hearing test,1000,10.71,0.65,MEDIUM,30,hearing test
hearing test at home,1000,5.93,0.55,MEDIUM,4,hearing test
specsavers free hearing test,1000,4.86,0.5,MEDIUM,0,hearing test
free hearing test at specsavers,1000,4.86,0.5,MEDIUM,0,hearing test
free hearing test specsavers,1000,4.86,0.5,MEDIUM,0,hearing test
at home hearing test,1000,5.93,0.55,MEDIUM,24,hearing test
mot test in coventry,1000,4.06,0.49,MEDIUM,0,MOT test
mot test manual class 4,1000,0,0,LOW,10,MOT test
mot test centre ballymena,1000,0.31,0.06,LOW,7,MOT test
mot test classes,1000,1.19,0.03,LOW,3,MOT test
mot test tunbridge wells,1000,3.38,0.54,MEDIUM,0,MOT test
mot test in crawley,1000,3.67,0.59,MEDIUM,0,MOT test
mot test report,1000,1.06,0.12,LOW,26,MOT test
van mot test,1000,4.27,0.53,MEDIUM,51,MOT test
mot test maidstone,1000,3.81,0.63,MEDIUM,0,MOT test
mot test how long,1000,13.41,0.01,LOW,0,MOT test
how long for mot test,1000,13.41,0.01,LOW,0,MOT test
car mot test cost,1000,1.62,0.22,LOW,8,MOT test
car mot test fee,1000,1.62,0.22,LOW,8,MOT test
mot test crawley,1000,3.67,0.59,MEDIUM,0,MOT test
mot test nottingham,1000,6.15,0.39,MEDIUM,15,MOT test
mot test camberley,1000,4.81,0.42,MEDIUM,4,MOT test
how much is a motorbike mot test,1000,0,0.01,LOW,3,MOT test
how long is an mot test,1000,13.41,0.01,LOW,17,MOT test
ballymena mot test centre,1000,0.31,0.06,LOW,7,MOT test
book my mot test ni,1000,0,0.01,LOW,50,MOT test
how much is a motorcycle mot test,1000,0,0.01,LOW,7,MOT test
when is first mot test due,1000,0.57,0.01,LOW,15,MOT test
mot test bedford,1000,4.01,0.55,MEDIUM,0,MOT test
mot test peterborough,1000,4.4,0.53,MEDIUM,4,MOT test
mot test class,1000,1.19,0.03,LOW,3,MOT test
how long is a mot test,1000,13.41,0.01,LOW,0,MOT test
nottingham city council parking permit,1000,0,0,LOW,2,parking permit
parking permit glasgow,1000,0,0,LOW,0,parking permit
brighton hove parking permit,1000,0,0,LOW,2,parking permit
liverpool parking permit,1000,0,0,LOW,5,parking permit
leicester city parking permit,1000,0,0,LOW,0,parking permit
bath parking permit,1000,0,0,LOW,0,parking permit
parking permit leicester,1000,0,0,LOW,0,parking permit
sheffield parking permit,1000,0,0,LOW,0,parking permit
parking permit liverpool,1000,0,0,LOW,0,parking permit
parking permit sheffield,1000,0,0,LOW,0,parking permit
parking permit bath,1000,0,0,LOW,0,parking permit
parking permit nottingham city council,1000,0,0,LOW,2,parking permit
permit parking leicester,1000,0,0,LOW,0,parking permit
bath permit parking,1000,0,0,LOW,0,parking permit
brighton and hove parking permit,1000,0,0,LOW,1,parking permit
leicester parking permit,1000,0,0,LOW,0,parking permit
permit parking sheffield,1000,0,0,LOW,0,parking permit
council permit parking,1000,0,0,LOW,2,parking permit
nottingham council parking permit,1000,0,0,LOW,0,parking permit
parking permit tower hamlets,1000,0,0,LOW,1,parking permit
glasgow parking permit,1000,0,0,LOW,0,parking permit
glasgow city parking permit,1000,0,0,LOW,0,parking permit
council parking permit,1000,0,0,LOW,7,parking permit
buy cscs card,1000,5.36,0.58,MEDIUM,49,CSCS card
cscs white card,1000,1.44,0.44,MEDIUM,35,CSCS card
red card cscs,1000,2.42,0.58,MEDIUM,16,CSCS card
white card cscs,1000,1.44,0.44,MEDIUM,35,CSCS card
cscs card order,1000,5.36,0.58,MEDIUM,49,CSCS card
mock cscs green card test,1000,0.61,0.44,MEDIUM,0,CSCS card
green card cscs mock test,1000,0.61,0.44,MEDIUM,0,CSCS card
cscs card white card,1000,1.44,0.44,MEDIUM,35,CSCS card
cscs card buy,1000,5.36,0.58,MEDIUM,39,CSCS card
buy a cscs card,1000,5.36,0.58,MEDIUM,39,CSCS card
cscs mock test green card,1000,0.61,0.44,MEDIUM,0,CSCS card
cscs green card mock test,1000,0.61,0.44,MEDIUM,0,CSCS card
green cscs card mock test,1000,0.61,0.44,MEDIUM,0,CSCS card
cscs card white,1000,1.44,0.44,MEDIUM,35,CSCS card
cscs card red card,1000,2.42,0.58,MEDIUM,16,CSCS card
order cscs card,1000,5.36,0.58,MEDIUM,49,CSCS card
cscs card red,1000,2.42,0.58,MEDIUM,0,CSCS card
red cscs card,1000,2.42,0.58,MEDIUM,16,CSCS card
cscs order card,1000,5.36,0.58,MEDIUM,49,CSCS card
cscs red card,1000,2.42,0.58,MEDIUM,16,CSCS card
white cscs card,1000,1.44,0.44,MEDIUM,35,CSCS card
forklift licence cost uk,1000,1.62,0.43,MEDIUM,0,forklift licence
forklift licence uk cost,1000,1.62,0.43,MEDIUM,0,forklift licence
forklift truck licence cost uk,1000,1.62,0.43,MEDIUM,0,forklift licence
forklift licence uk price,1000,1.62,0.43,MEDIUM,0,forklift licence
wales log cabin breaks,1000,1.51,0.61,MEDIUM,0,log cabin
log cabin holiday wales,1000,1.51,0.61,MEDIUM,0,log cabin
log cabin stays wales,1000,1.51,0.61,MEDIUM,0,log cabin
log cabin holidays in wales,1000,1.51,0.61,MEDIUM,0,log cabin
the log cabin at yat rock,1000,0.22,0.03,LOW,0,log cabin
log cabin breaks wales,1000,1.51,0.61,MEDIUM,0,log cabin
log cabin holidays wales,1000,1.51,0.61,MEDIUM,0,log cabin
log cabin breaks in wales,1000,1.51,0.61,MEDIUM,0,log cabin
wales log cabin holidays,1000,1.51,0.61,MEDIUM,0,log cabin
octopus energy pay bill,880,3.33,0.01,LOW,9,energy bill
why my energy bill is so high,880,4.36,0.66,MEDIUM,9,energy bill
average energy bill,880,4.12,0.47,MEDIUM,45,energy bill
150 energy bill help,880,1.89,0.23,LOW,46,energy bill
why is my energy bill so high,880,4.36,0.66,MEDIUM,12,energy bill
average cost to service boiler,880,3.45,0.53,MEDIUM,6,boiler service
average cost to service a boiler,880,3.45,0.53,MEDIUM,0,boiler service
average cost boiler service,880,3.45,0.53,MEDIUM,0,boiler service
average boiler service cost,880,3.45,0.53,MEDIUM,2,boiler service
average cost of boiler service,880,3.45,0.53,MEDIUM,0,boiler service
average price of a boiler service,880,3.45,0.53,MEDIUM,2,boiler service
boiler service cost average,880,3.45,0.53,MEDIUM,0,boiler service
boiler service average cost,880,3.45,0.53,MEDIUM,0,boiler service
average cost of a boiler service,880,3.45,0.53,MEDIUM,0,boiler service
citizen advice debt help,880,6.19,0.47,MEDIUM,69,debt advice
citizens advice debt helpline,880,6.19,0.47,MEDIUM,73,debt advice
citizens advice debt help,880,6.19,0.47,MEDIUM,69,debt advice
uk tax return self assessment,880,6.81,0.18,LOW,29,tax return
file tax return hmrc,880,4.39,0.08,LOW,55,tax return
hmrc tax return file,880,4.39,0.08,LOW,40,tax return
tax return gov,880,2.24,0.11,LOW,73,tax return
cis tax return,880,10.71,0.44,MEDIUM,6,tax return
tax return late filing penalties,880,1.33,0.07,LOW,14,tax return
how to get a tax return,880,2.97,0.5,MEDIUM,31,tax return
fine for late tax return,880,1.33,0.07,LOW,12,tax return
file hmrc tax return,880,4.39,0.08,LOW,63,tax return
file a tax return hmrc,880,4.39,0.08,LOW,35,tax return
late tax return fines,880,1.33,0.07,LOW,13,tax return
fines for late tax return,880,1.33,0.07,LOW,12,tax return
overdue tax return penalty,880,1.33,0.07,LOW,15,tax return
penalties late tax return,880,1.33,0.07,LOW,15,tax return
tax return late fine,880,1.33,0.07,LOW,13,tax return
tax return uk online,880,5.52,0.24,LOW,49,tax return
do i need to submit a tax return,880,3.12,0.04,LOW,16,tax return
tax return completion,880,6.35,0.18,LOW,36,tax return
uk tax return online,880,5.52,0.24,LOW,44,tax return
hmrc vat tax return,880,21.24,0.15,LOW,16,tax return
complete tax return,880,6.35,0.18,LOW,36,tax return
hmrc tax return filing,880,4.39,0.08,LOW,35,tax return
self assessment tax return uk,880,6.81,0.18,LOW,33,tax return
hmrc tax vat return,880,21.24,0.15,LOW,16,tax return
online self assessment tax return,880,5.39,0.3,LOW,52,tax return
self assessment online tax return,880,5.39,0.3,LOW,39,tax return
self assessment tax return uk deadline,880,0,0.02,LOW,17,tax return
late tax return penalty,880,1.33,0.07,LOW,15,tax return
late tax return penalties,880,1.33,0.07,LOW,15,tax return
late tax return filing penalties,880,1.33,0.07,LOW,14,tax return
tax return online self assessment,880,5.39,0.3,LOW,39,tax return
penalties for late filing of tax return,880,1.33,0.07,LOW,14,tax return
late filing of tax return penalties,880,1.33,0.07,LOW,14,tax return
tax return uk self assessment,880,6.81,0.18,LOW,30,tax return
do i need to file a tax return,880,3.12,0.04,LOW,34,tax return
penalty for tax return late,880,1.33,0.07,LOW,12,tax return
submit tax return hmrc,880,4.39,0.08,LOW,39,tax return
how to get the tax return,880,2.97,0.5,MEDIUM,35,tax return
self tax return,880,6.68,0.18,LOW,33,tax return
tax return self assessment uk,880,6.81,0.18,LOW,22,tax return
tax return for cis,880,10.71,0.44,MEDIUM,6,tax return
do i have to file a tax return,880,3.12,0.04,LOW,58,tax return
income tax return status,880,1.8,0.02,LOW,23,tax return
do i need to file a us tax return,880,3.12,0.04,LOW,21,tax return
online tax return self assessment,880,5.39,0.3,LOW,47,tax return
online tax return uk,880,5.52,0.24,LOW,44,tax return
tax return self assessment online,880,5.39,0.3,LOW,39,tax return
tax return late penalty,880,1.33,0.07,LOW,15,tax return
tax return complete,880,6.35,0.18,LOW,30,tax return
online uk tax return,880,5.52,0.24,LOW,44,tax return
nhs pension scheme 2015 calculator,880,0,0,LOW,3,pension calculator
pension credit calculator uk,880,3.13,0.04,LOW,29,pension calculator
pension cash withdrawal tax calculator,880,2.22,0.3,LOW,5,pension calculator
which pension drawdown calculator,880,4.5,0.06,LOW,6,pension calculator
army pension calculator,880,2.41,0,LOW,0,pension calculator
pension withdrawal tax calculator,880,2.22,0.3,LOW,2,pension calculator
2015 nhs pension calculator,880,0,0,LOW,0,pension calculator
pension annuity calculator uk,880,4.35,0.65,MEDIUM,8,pension calculator
retired pension calculator,880,2.67,0.26,LOW,35,pension calculator
which drawdown pension calculator,880,4.5,0.06,LOW,26,pension calculator
nhs 2015 pension scheme calculator,880,0,0,LOW,0,pension calculator
2015 nhs pension scheme calculator,880,0,0,LOW,0,pension calculator
pension calculator monthly,880,2.25,0.36,MEDIUM,26,pension calculator
pension calculator army,880,2.41,0,LOW,0,pension calculator
private pension uk calculator,880,3.5,0.58,MEDIUM,34,pension calculator
which pension calculator,880,2.95,0.06,LOW,37,pension calculator
uk pension credit calculator,880,3.13,0.04,LOW,28,pension calculator
nhs pension calculator 2015,880,0,0,LOW,0,pension calculator
pension calculator lgps,880,3.78,0,LOW,13,pension calculator
pension army calculator,880,2.41,0,LOW,2,pension calculator
lgps pension calculator,880,3.78,0,LOW,26,pension calculator
retirement calculator pension,880,2.67,0.26,LOW,34,pension calculator
retirement pension plan calculator,880,2.67,0.26,LOW,34,pension calculator
retirement calculator with pension,880,2.67,0.26,LOW,19,pension calculator
nhs pension calculator 2015 scheme,880,0,0,LOW,0,pension calculator
private pension calculator uk,880,3.5,0.58,MEDIUM,32,pension calculator
pension drawdown calculator which,880,4.5,0.06,LOW,6,pension calculator
lgps pension scheme calculator,880,3.78,0,LOW,18,pension calculator
retirement with pension calculator,880,2.67,0.26,LOW,43,pension calculator
retirement pension calculator,880,2.67,0.26,LOW,32,pension calculator
nhs 2015 pension calculator,880,0,0,LOW,10,pension calculator
pension calculator nhs 2015,880,0,0,LOW,0,pension calculator
tax calculator on pension withdrawal,880,2.22,0.3,LOW,2,pension calculator
pension plans calculator,880,2.67,0.26,LOW,34,pension calculator
uk private pension calculator,880,3.5,0.58,MEDIUM,33,pension calculator
calculator for pension on retirement,880,2.67,0.26,LOW,36,pension calculator
nhs pension 2015 calculator,880,0,0,LOW,0,pension calculator
tax calculator for pension withdrawal,880,2.22,0.3,LOW,2,pension calculator
monthly pension calculator,880,2.25,0.36,MEDIUM,32,pension calculator
dentist sheffield private,880,7.18,0.29,LOW,19,private dentist
north yorkshire physiotherapy,880,3.84,0.04,LOW,0,physiotherapy
veterinary physiotherapy job,880,0.79,0.03,LOW,0,physiotherapy
wellbeing centres physiotherapy,880,1.04,0.06,LOW,0,physiotherapy
vet physiotherapy jobs,880,0.79,0.03,LOW,0,physiotherapy
physis physiotherapy,880,1.57,0.07,LOW,0,physiotherapy
pregnant women physiotherapy,880,2.99,0.28,LOW,0,physiotherapy
london city physiotherapy clinic,880,2.54,0.11,LOW,0,physiotherapy
training for physiotherapy,880,2.02,0.36,MEDIUM,0,physiotherapy
physiotherapy jobs in manchester,880,0.92,0.1,LOW,0,physiotherapy
five valleys physiotherapy stroud,880,2.38,0.02,LOW,,physiotherapy
wandsworth physiotherapy clinic,880,3.03,0.42,MEDIUM,0,physiotherapy
physiotherapy in motherwell,880,1.91,0.13,LOW,0,physiotherapy
woolton physiotherapy,880,1.67,0.05,LOW,0,physiotherapy
physiotherapy reading berkshire,880,1.69,0.43,MEDIUM,0,physiotherapy
football physiotherapy jobs,880,2.24,0.01,LOW,0,physiotherapy
moko physiotherapy,880,0,0.03,LOW,0,physiotherapy
physiotherapy harley street london,880,4.1,0.16,LOW,0,physiotherapy
physiotherapy training,880,2.02,0.36,MEDIUM,9,physiotherapy
veterinary physiotherapy jobs,880,0.79,0.03,LOW,0,physiotherapy
paisley physiotherapy centre,880,3.79,0.21,LOW,0,physiotherapy
harley street physiotherapy london,880,4.1,0.16,LOW,3,physiotherapy
physiotherapy vacancies manchester,880,0.92,0.1,LOW,0,physiotherapy
qualification for physiotherapy,880,1.94,0.17,LOW,9,physiotherapy
harley street physiotherapy clinic,880,4.1,0.16,LOW,19,physiotherapy
frequencies hearing test,880,2.66,0.38,MEDIUM,31,hearing test
specsavers hearing test online,880,3.78,0.37,MEDIUM,0,hearing test
specsavers hearing test at home,880,2.91,0.39,MEDIUM,0,hearing test
frequency hearing test,880,2.66,0.38,MEDIUM,14,hearing test
hearing test frequencies,880,2.66,0.38,MEDIUM,34,hearing test
online hearing test boots,880,1.94,0.57,MEDIUM,47,hearing test
boots hearing test online,880,1.94,0.57,MEDIUM,47,hearing test
specsavers online hearing test,880,3.78,0.37,MEDIUM,0,hearing test
specsavers home hearing test,880,2.91,0.39,MEDIUM,0,hearing test
frequency test hearing,880,2.66,0.38,MEDIUM,34,hearing test
boots online hearing test,880,1.94,0.57,MEDIUM,47,hearing test
hearing test sound frequency,880,2.66,0.38,MEDIUM,14,hearing test
hearing frequency test,880,2.66,0.38,MEDIUM,34,hearing test
hearing test frequency,880,2.66,0.38,MEDIUM,34,hearing test
mot test exeter,880,4.91,0.62,MEDIUM,0,MOT test
mot test telford,880,4.34,0.56,MEDIUM,0,MOT test
mot test york,880,4.43,0.64,MEDIUM,4,MOT test
mot test colchester,880,5.17,0.65,MEDIUM,0,MOT test
mot test andover,880,4.77,0.65,MEDIUM,0,MOT test
mot test centre balmoral,880,0.58,0.03,LOW,7,MOT test
bmw mot test,880,2.6,0.55,MEDIUM,10,MOT test
mot test edinburgh,880,4.86,0.65,MEDIUM,0,MOT test
swindon mot test centres,880,3.88,0.38,MEDIUM,14,MOT test
changes to the mot test,880,0,0.01,LOW,0,MOT test
mot test cambridge,880,4.74,0.66,MEDIUM,0,MOT test
mot test certificate copy,880,2.17,0.02,LOW,10,MOT test
mot test newport,880,3.98,0.49,MEDIUM,5,MOT test
mot test luton,880,2.37,0.52,MEDIUM,0,MOT test
mot test centre swindon,880,3.88,0.38,MEDIUM,18,MOT test
mot test ipswich,880,3.99,0.61,MEDIUM,1,MOT test
balmoral mot test centre,880,0.58,0.03,LOW,4,MOT test
vw mot test,880,2.53,0.49,MEDIUM,0,MOT test
changes to mot test,880,0,0.01,LOW,0,MOT test
mot test failure list,880,0.31,0.06,LOW,19,MOT test
mot test how often,880,2.61,0,LOW,8,MOT test
mot test bath,880,3.24,0.67,MEDIUM,0,MOT test
mot test high wycombe,880,3.78,0.6,MEDIUM,0,MOT test
hgv mot test manual,880,6.54,0,LOW,5,MOT test
mot test ashford,880,3.17,0.49,MEDIUM,0,MOT test
mot test taunton,880,4.31,0.57,MEDIUM,0,MOT test
copy of mot test certificate,880,2.17,0.02,LOW,10,MOT test
mot test slough,880,2.69,0.62,MEDIUM,3,MOT test
how to apply for disability parking permit,880,1.08,0.08,LOW,33,parking permit
parking permit manchester,880,0.49,0,LOW,0,parking permit
parking permit redbridge,880,0,0,LOW,8,parking permit
permit parking newcastle,880,0,0,LOW,0,parking permit
newham parking permit visitors,880,0,0,LOW,0,parking permit
peterborough parking permit,880,0,0,LOW,4,parking permit
permit parking york,880,0.06,0,LOW,2,parking permit
southampton parking permit,880,0,0,LOW,0,parking permit
how to get a handicap parking permit,880,1.08,0.08,LOW,29,parking permit
parking permit york,880,0.06,0,LOW,0,parking permit
newcastle parking permit,880,0,0,LOW,0,parking permit
ealing council parking permit,880,0,0,LOW,6,parking permit
manchester parking permit,880,0.49,0,LOW,31,parking permit
parking permit newcastle,880,0,0,LOW,0,parking permit
visitor parking permit newham,880,0,0,LOW,0,parking permit
croydon parking permit,880,0,0,LOW,0,parking permit
york parking permit,880,0.06,0,LOW,0,parking permit
parking permit login,880,0,0,LOW,9,parking permit
how to get a disability parking permit,880,1.08,0.08,LOW,26,parking permit
manchester permit parking,880,0.49,0,LOW,0,parking permit
visitors parking permit newham,880,0,0,LOW,0,parking permit
how to apply for a disabled parking permit,880,1.08,0.08,LOW,32,parking permit
exeter parking permit,880,0,0,LOW,0,parking permit
newcastle city parking permit,880,0,0,LOW,0,parking permit
parking permit richmond,880,0,0,LOW,0,parking permit
hackney council parking permit,880,0,0,LOW,0,parking permit
how to apply for disabled parking permit,880,1.08,0.08,LOW,25,parking permit
how to get disabled parking permit,880,1.08,0.08,LOW,25,parking permit
parking permit peterborough,880,0,0,LOW,11,parking permit
permit parking norwich,880,0,0,LOW,0,parking permit
parking permit exeter,880,0,0,LOW,0,parking permit
york permit parking,880,0.06,0,LOW,0,parking permit
how to obtain a handicap parking permit,880,1.08,0.08,LOW,18,parking permit
wandsworth council parking permit,880,0,0,LOW,29,parking permit
edinburgh council parking permit,880,0,0,LOW,0,parking permit
parking permit plymouth,880,0,0,LOW,0,parking permit
parking permit richmond borough,880,0,0,LOW,0,parking permit
edinburgh council permit parking,880,0,0,LOW,1,parking permit
permit parking plymouth,880,0,0,LOW,0,parking permit
norwich permit parking,880,0,0,LOW,0,parking permit
southwark council parking permit,880,0,0,LOW,0,parking permit
parking permit croydon,880,0,0,LOW,0,parking permit
lambeth parking permit login,880,0,0,LOW,13,parking permit
how to get a disabled parking permit,880,1.08,0.08,LOW,26,parking permit
richmond parking permit,880,0,0,LOW,0,parking permit
norwich parking permit,880,0,0,LOW,0,parking permit
parking permit norwich,880,0,0,LOW,0,parking permit
plymouth permit parking,880,0,0,LOW,0,parking permit
permit parking southampton,880,0,0,LOW,0,parking permit
redbridge parking permit,880,0,0,LOW,8,parking permit
parking permit southampton,880,0,0,LOW,0,parking permit
how to get a parking permit for disabled,880,1.08,0.08,LOW,29,parking permit
how to obtain disabled parking permit,880,1.08,0.08,LOW,21,parking permit
newham visitors parking permit,880,0,0,LOW,0,parking permit
newham visitor parking permit,880,0,0,LOW,0,parking permit
plymouth parking permit,880,0,0,LOW,0,parking permit
how does a wifi booster work,880,1.18,0.56,MEDIUM,0,WiFi booster
cscs green card apply,880,5.26,0.6,MEDIUM,49,CSCS card
gold cscs card,880,1.95,0.59,MEDIUM,25,CSCS card
green cscs card apply,880,5.26,0.6,MEDIUM,49,CSCS card
cscs card finder,880,0.91,0.37,MEDIUM,64,CSCS card
apply for cscs green card,880,5.26,0.6,MEDIUM,49,CSCS card
apply for green card cscs,880,5.26,0.6,MEDIUM,49,CSCS card
apply for green cscs card,880,5.26,0.6,MEDIUM,49,CSCS card
how to get your forklift licence,880,1.76,0.48,MEDIUM,0,forklift licence
how do i get my forklift licence,880,1.76,0.48,MEDIUM,0,forklift licence
how to take forklift licence,880,1.76,0.48,MEDIUM,0,forklift licence
how to get my forklift licence,880,1.76,0.48,MEDIUM,0,forklift licence
how to forklift licence,880,1.76,0.48,MEDIUM,0,forklift licence
how to get forklift licence,880,1.76,0.48,MEDIUM,0,forklift licence
how do i get a forklift licence,880,1.76,0.48,MEDIUM,0,forklift licence
how to get a forklift licence,880,1.76,0.48,MEDIUM,0,forklift licence
how to reduce energy bill,720,3.42,0.57,MEDIUM,37,energy bill
help with energy bill,720,3.38,0.59,MEDIUM,35,energy bill
average energy bill per month,720,4.13,0.46,MEDIUM,27,energy bill
octopus energy bill,720,2.95,0.08,LOW,10,energy bill
what does a boiler service include,720,4.43,0.23,LOW,12,boiler service
british gas boiler service phone number,720,8.57,0.1,LOW,27,boiler service
british gas boiler service telephone number,720,8.57,0.1,LOW,12,boiler service
british gas boiler service charges,720,4.16,0.49,MEDIUM,31,boiler service
boiler service in bristol,720,6.86,0.62,MEDIUM,3,boiler service
what does a boiler service involve,720,4.43,0.23,LOW,2,boiler service
commercial boiler service,720,8.74,0.35,MEDIUM,1,boiler service
boxt boiler service,720,5.51,0.62,MEDIUM,6,boiler service
british gas service boiler cost,720,4.16,0.49,MEDIUM,31,boiler service
british gas cost of boiler service,720,4.16,0.49,MEDIUM,31,boiler service
cost of british gas boiler service,720,4.16,0.49,MEDIUM,31,boiler service
boiler service aberdeen,720,3.68,0.54,MEDIUM,0,boiler service
british gas boiler service charge,720,4.16,0.49,MEDIUM,7,boiler service
how often to service a boiler,720,8.66,0.14,LOW,3,boiler service
service boiler how often,720,8.66,0.14,LOW,0,boiler service
aberdeen boiler service,720,3.68,0.54,MEDIUM,1,boiler service
how often to service boiler,720,8.66,0.14,LOW,0,boiler service
boiler service cost british gas,720,4.16,0.49,MEDIUM,31,boiler service
boiler service bristol uk,720,6.86,0.62,MEDIUM,0,boiler service
boiler service bristol,720,6.86,0.62,MEDIUM,3,boiler service
what does boiler service include,720,4.43,0.23,LOW,12,boiler service
how long does it take to service a boiler,720,2.24,0.03,LOW,0,boiler service
how often service boiler,720,8.66,0.14,LOW,1,boiler service
boiler service commercial,720,8.74,0.35,MEDIUM,0,boiler service
boiler service ovo,720,7.4,0.31,LOW,4,boiler service
cost of boiler service british gas,720,4.16,0.49,MEDIUM,31,boiler service
boiler service british gas cost,720,4.16,0.49,MEDIUM,3,boiler service
bristol boiler service,720,6.86,0.62,MEDIUM,3,boiler service
how often boiler service,720,8.66,0.14,LOW,1,boiler service
boiler service how often,720,8.66,0.14,LOW,0,boiler service
phone number for british gas boiler service,720,8.57,0.1,LOW,27,boiler service
british gas boiler service cost,720,4.16,0.49,MEDIUM,31,boiler service
ovo boiler service,720,7.4,0.31,LOW,0,boiler service
asbestos insulation in loft,720,4.11,0.04,LOW,0,loft insulation
loft insulation dos and don'ts,720,2.27,0.29,LOW,5,loft insulation
loft insulation asbestos,720,4.11,0.04,LOW,0,loft insulation
asbestos in loft insulation,720,4.11,0.04,LOW,0,loft insulation
asbestos loft insulation,720,4.11,0.04,LOW,0,loft insulation
pension pot calculator uk,720,1.89,0.44,MEDIUM,29,pension calculator
defined benefit pension calculator,720,1.57,0.12,LOW,20,pension calculator
pension projection calculator,720,1.69,0.33,LOW,32,pension calculator
value of pension calculator,720,2.43,0.36,MEDIUM,21,pension calculator
pension valuation calculator,720,2.43,0.36,MEDIUM,34,pension calculator
annual allowance pension calculator,720,3.92,0.07,LOW,5,pension calculator
uk pension pot calculator,720,1.89,0.44,MEDIUM,29,pension calculator
pension compound interest calculator,720,1.73,0.18,LOW,28,pension calculator
pension plan value calculator,720,2.43,0.36,MEDIUM,38,pension calculator
defined pension calculator,720,1.57,0.12,LOW,6,pension calculator
how much state pension will i get at 66 calculator,720,3.5,0.03,LOW,42,pension calculator
compound interest pension calculator,720,1.73,0.18,LOW,28,pension calculator
pension tax free lump sum to be scrapped calculator,720,1.92,0.1,LOW,4,pension calculator
pension income calculator,720,2.28,0.42,MEDIUM,32,pension calculator
db pension calculator,720,1.57,0.12,LOW,15,pension calculator
compound interest calculator pension,720,1.73,0.18,LOW,23,pension calculator
pension calculator compound interest,720,1.73,0.18,LOW,28,pension calculator
pension annual allowance calculator,720,3.92,0.07,LOW,5,pension calculator
pension value calculator,720,2.43,0.36,MEDIUM,21,pension calculator
income calculator with pension,720,2.28,0.42,MEDIUM,25,pension calculator
annual pension allowance calculator,720,3.92,0.07,LOW,7,pension calculator
defined benefits pension calculator,720,1.57,0.12,LOW,8,pension calculator
pension worth calculator,720,2.43,0.36,MEDIUM,21,pension calculator
value pension calculator,720,2.43,0.36,MEDIUM,21,pension calculator
defined pension plan calculator,720,1.57,0.12,LOW,20,pension calculator
vanguard pension calculator,720,2.4,0.09,LOW,18,pension calculator
pension tax-free lump sum to be scrapped calculator,720,1.92,0.1,LOW,2,pension calculator
income pension calculator,720,2.28,0.42,MEDIUM,32,pension calculator
dentist check up cost private,720,3.4,0.26,LOW,0,private dentist
dentist check-up cost private,720,3.4,0.26,LOW,0,private dentist
private dentist birmingham uk,720,6.43,0.61,MEDIUM,15,private dentist
uni courses for physiotherapy,720,2.35,0.49,MEDIUM,19,physiotherapy
top university for physiotherapy,720,1.07,0.15,LOW,18,physiotherapy
physiotherapy uni courses,720,2.35,0.49,MEDIUM,8,physiotherapy
physiotherapy salary nhs,720,0,0,LOW,8,physiotherapy
oakwood physiotherapy,720,2.14,0.09,LOW,0,physiotherapy
physiotherapy nhs salary,720,0,0,LOW,2,physiotherapy
uni physiotherapy courses,720,2.35,0.49,MEDIUM,12,physiotherapy
nhs physiotherapy salary,720,0,0,LOW,1,physiotherapy
will harlow physiotherapy,720,2.02,0.11,LOW,7,physiotherapy
physiotherapy dubai jobs,720,1.16,0.02,LOW,0,physiotherapy
physiotherapy course in university,720,2.35,0.49,MEDIUM,6,physiotherapy
physiotherapy courses uni,720,2.35,0.49,MEDIUM,12,physiotherapy
indergaard physiotherapy,720,4.87,0.05,LOW,0,physiotherapy
john honey physiotherapy,720,7.46,0.11,LOW,0,physiotherapy
physiotherapy lecturer job,720,1.66,0.01,LOW,0,physiotherapy
lecturer physiotherapy jobs,720,1.66,0.01,LOW,0,physiotherapy
university physiotherapy courses,720,2.35,0.49,MEDIUM,6,physiotherapy
physiotherapy uni course,720,2.35,0.49,MEDIUM,18,physiotherapy
best universities for physiotherapy,720,1.07,0.15,LOW,0,physiotherapy
physiotherapy university courses,720,2.35,0.49,MEDIUM,6,physiotherapy
kennington osteopaths & physiotherapy,720,1.19,0.09,LOW,0,physiotherapy
animal physiotherapy,720,3.91,0.2,LOW,24,physiotherapy
physiotherapy university course,720,2.35,0.49,MEDIUM,19,physiotherapy
physiotherapy lecturer jobs,720,1.66,0.01,LOW,0,physiotherapy
university courses for physiotherapy,720,2.35,0.49,MEDIUM,6,physiotherapy
top universities for physiotherapy,720,1.07,0.15,LOW,1,physiotherapy
best unis for physiotherapy,720,1.07,0.15,LOW,0,physiotherapy
physiotherapy jobs dubai,720,1.16,0.02,LOW,0,physiotherapy
dubai physiotherapy jobs,720,1.16,0.02,LOW,0,physiotherapy
physiotherapy courses at university,720,2.35,0.49,MEDIUM,21,physiotherapy
best university for physiotherapy,720,1.07,0.15,LOW,0,physiotherapy
taylored physiotherapy,720,4.76,0.03,LOW,0,physiotherapy
physiotherapy job vacancy in dubai,720,1.16,0.02,LOW,0,physiotherapy
5 star clinic ltd physiotherapy clinic physiotherapist preston,720,1.49,0.07,LOW,2,physiotherapy
physiotherapy course university,720,2.35,0.49,MEDIUM,6,physiotherapy
university courses physiotherapy,720,2.35,0.49,MEDIUM,22,physiotherapy
physiotherapy courses in university,720,2.35,0.49,MEDIUM,8,physiotherapy
physiotherapy course uni,720,2.35,0.49,MEDIUM,12,physiotherapy
jonathan clark physiotherapy,720,1.36,0.06,LOW,0,physiotherapy
physiotherapy courses at uni,720,2.35,0.49,MEDIUM,8,physiotherapy
lecturer in physiotherapy jobs,720,1.66,0.01,LOW,0,physiotherapy
physiotherapy jobs in dubai,720,1.16,0.02,LOW,0,physiotherapy
leyland physiotherapy,720,2.7,0.12,LOW,0,physiotherapy
best universities physiotherapy,720,1.07,0.15,LOW,0,physiotherapy
physiotherapy job dubai,720,1.16,0.02,LOW,0,physiotherapy
top to toe physiotherapy,720,1.46,0.1,LOW,0,physiotherapy
physiotherapy jobs in scotland,720,1.07,0.06,LOW,0,physiotherapy
physiotherapy courses university,720,2.35,0.49,MEDIUM,6,physiotherapy
absolute hearing test,720,1.2,0,LOW,7,hearing test
nhs online hearing test,720,2.33,0.52,MEDIUM,29,hearing test
nhs hearing test online,720,2.33,0.52,MEDIUM,29,hearing test
hearing test online nhs,720,2.33,0.52,MEDIUM,32,hearing test
specsavers nhs hearing test,720,3.73,0.49,MEDIUM,,hearing test
home hearing test,720,5.98,0.53,MEDIUM,32,hearing test
online hearing test nhs,720,2.33,0.52,MEDIUM,24,hearing test
nhs hearing test specsavers,720,3.73,0.49,MEDIUM,0,hearing test
specsavers hearing test nhs,720,3.73,0.49,MEDIUM,0,hearing test
professional touch mot test station,720,1.93,0.07,LOW,0,MOT test
mot test bradford,720,2.52,0.32,LOW,0,MOT test
mot test wolverhampton,720,3.46,0.38,MEDIUM,8,MOT test
mot test centre coleraine,720,2.74,0.02,LOW,3,MOT test
mot test chester,720,3.9,0.58,MEDIUM,0,MOT test
mot test poole,720,5.61,0.64,MEDIUM,0,MOT test
newry mot test centre,720,2.34,0.04,LOW,32,MOT test
early mot test,720,2.14,0.04,LOW,14,MOT test
mot test mansfield,720,3.65,0.62,MEDIUM,0,MOT test
mot test early,720,2.14,0.04,LOW,3,MOT test
mot test worcester,720,4.11,0.58,MEDIUM,0,MOT test
mot test rules,720,2.06,0.01,LOW,23,MOT test
what gets checked in an mot test,720,0.15,0.29,LOW,19,MOT test
mot test manchester,720,5.7,0.52,MEDIUM,0,MOT test
mot test macclesfield,720,3.29,0.59,MEDIUM,0,MOT test
mot test kettering,720,4.95,0.64,MEDIUM,12,MOT test
mot test centre downpatrick,720,0.68,0.03,LOW,6,MOT test
earliest mot test,720,2.14,0.04,LOW,17,MOT test
car mot test ni,720,0.85,0.01,LOW,50,MOT test
mot test brighton,720,3.66,0.6,MEDIUM,0,MOT test
mot test centre newry,720,2.34,0.04,LOW,32,MOT test
nearest mot test centre,720,3.14,0.64,MEDIUM,42,MOT test
parking permit watford,720,0,0,LOW,0,parking permit
aberdeen permit parking,720,0,0,LOW,0,parking permit
parking permit coventry,720,0,0,LOW,0,parking permit
canterbury parking permit,720,0,0,LOW,0,parking permit
watford permit parking,720,0,0,LOW,0,parking permit
haringey visitor parking permit,720,0,0,LOW,0,parking permit
east devon parking permit,720,0,0,LOW,1,parking permit
haringey visitors parking permit,720,0,0,LOW,0,parking permit
parking permit dagenham,720,0,0,LOW,5,parking permit
haringey council parking permit,720,9.91,0,LOW,6,parking permit
canterbury city council parking permit,720,0,0,LOW,0,parking permit
visitors parking permit haringey,720,0,0,LOW,0,parking permit
watford parking permit,720,0,0,LOW,0,parking permit
car club permit parking,720,0,0.03,LOW,0,parking permit
haringey parking permit visitor,720,0,0,LOW,0,parking permit
coventry parking permit,720,0,0,LOW,2,parking permit
my permit parking,720,0,0.01,LOW,15,parking permit
dagenham parking permit,720,0,0,LOW,13,parking permit
haringey parking permit login,720,0,0,LOW,0,parking permit
aberdeen parking permit,720,0,0,LOW,0,parking permit
parking permit aberdeen,720,0,0,LOW,0,parking permit
haringey parking permit visitors,720,0,0,LOW,0,parking permit
parking permit canterbury,720,0,0,LOW,0,parking permit
permit parking aberdeen,720,0,0,LOW,0,parking permit
visitor parking permit haringey,720,0,0,LOW,0,parking permit
surrey parking permit,720,0,0,LOW,0,parking permit
trafford parking permit,720,0,0,LOW,5,parking permit
wifi booster does it work,720,1.02,0.65,MEDIUM,0,WiFi booster
wifi booster how does it work,720,1.02,0.65,MEDIUM,0,WiFi booster
apply online for cscs card,720,3.94,0.61,MEDIUM,43,CSCS card
cscs card apply online,720,3.94,0.61,MEDIUM,43,CSCS card
cscs apply for card online,720,3.94,0.61,MEDIUM,43,CSCS card
apply cscs card online,720,3.94,0.61,MEDIUM,43,CSCS card
cscs card online apply,720,3.94,0.61,MEDIUM,43,CSCS card
apply for cscs card online,720,3.94,0.61,MEDIUM,39,CSCS card
get cscs card,720,3.46,0.66,MEDIUM,49,CSCS card
applying for cscs card online,720,3.94,0.61,MEDIUM,39,CSCS card
cscs card apply for card online,720,3.94,0.61,MEDIUM,43,CSCS card
forklift truck licence uk,720,2.42,0.36,MEDIUM,0,forklift licence
forklift licence in uk,720,2.42,0.36,MEDIUM,0,forklift licence
counterbalance forklift truck licence,720,2.17,0.45,MEDIUM,0,forklift licence
uk forklift licence,720,2.42,0.36,MEDIUM,0,forklift licence
how much forklift licence,720,1.3,0.36,MEDIUM,0,forklift licence
forklift licence uk,720,2.42,0.36,MEDIUM,0,forklift licence
forklift counterbalance licence,720,2.17,0.45,MEDIUM,0,forklift licence
forklift licence near me,720,1.66,0.63,MEDIUM,5,forklift licence
counterbalance forklift licence,720,2.17,0.45,MEDIUM,0,forklift licence
forklift licence counterbalance,720,2.17,0.45,MEDIUM,0,forklift licence
energy bill support scheme,590,2.51,0.47,MEDIUM,24,energy bill
martin lewis energy bill warning,590,4.54,0.31,LOW,0,energy bill
ofgem energy bill standing charges,590,0,0.45,MEDIUM,24,energy bill
energy bill price cap,590,7.18,0.33,LOW,36,energy bill
uk energy bill,590,4.19,0.3,LOW,20,energy bill
energy bill in uk,590,4.19,0.3,LOW,44,energy bill
cost of service gas boiler,590,3.5,0.65,MEDIUM,5,boiler service
cost of gas boiler service,590,3.5,0.65,MEDIUM,1,boiler service
service gas boiler cost,590,3.5,0.65,MEDIUM,22,boiler service
british gas boiler service plans,590,5.61,0.61,MEDIUM,31,boiler service
cost of a gas boiler service,590,3.5,0.65,MEDIUM,22,boiler service
boiler service plan british gas,590,5.61,0.61,MEDIUM,31,boiler service
how much is a boiler service uk,590,4.64,0.64,MEDIUM,2,boiler service
boiler service mk,590,6.74,0.54,MEDIUM,0,boiler service
boiler service cost uk,590,3.92,0.63,MEDIUM,0,boiler service
cost boiler service uk,590,3.92,0.63,MEDIUM,3,boiler service
boiler service in southampton,590,5.59,0.59,MEDIUM,0,boiler service
cost to service boiler,590,4.47,0.64,MEDIUM,0,boiler service
milton keynes boiler service,590,6.74,0.54,MEDIUM,0,boiler service
boiler service costs,590,4.47,0.64,MEDIUM,0,boiler service
ideal boiler customer service,590,2.87,0.22,LOW,13,boiler service
british gas boiler service plan,590,5.61,0.61,MEDIUM,31,boiler service
gas boiler service cost,590,3.5,0.65,MEDIUM,22,boiler service
cost to service a boiler,590,4.47,0.64,MEDIUM,0,boiler service
price for gas boiler service,590,3.5,0.65,MEDIUM,7,boiler service
southampton boiler service,590,5.59,0.59,MEDIUM,0,boiler service
how much to service a boiler uk,590,4.64,0.64,MEDIUM,0,boiler service
uk boiler service cost,590,3.92,0.63,MEDIUM,3,boiler service
boiler service southampton,590,5.59,0.59,MEDIUM,0,boiler service
cost of a boiler service uk,590,3.92,0.63,MEDIUM,3,boiler service
cost of boiler service uk,590,3.92,0.63,MEDIUM,3,boiler service
boiler service uk cost,590,3.92,0.63,MEDIUM,3,boiler service
boiler service milton keynes,590,6.74,0.54,MEDIUM,0,boiler service
boiler service in milton keynes,590,6.74,0.54,MEDIUM,0,boiler service
loft insulation contractors,590,7.32,0.6,MEDIUM,0,loft insulation
installers of loft insulation,590,7.32,0.6,MEDIUM,8,loft insulation
loft insulation installers,590,7.32,0.6,MEDIUM,0,loft insulation
income tax and pension calculator,590,2.52,0.08,LOW,26,pension calculator
state pension age calculator uk,590,3.79,0.01,LOW,37,pension calculator
government pension credit calculator,590,3.49,0.08,LOW,35,pension calculator
pension wise gov uk calculator,590,4.43,0.55,MEDIUM,40,pension calculator
pension calculator employer contributions,590,2.36,0.09,LOW,26,pension calculator
pension contributions calculator tax relief,590,14.24,0.05,LOW,16,pension calculator
pension calculator uk government,590,4.09,0.12,LOW,48,pension calculator
income tax pension calculator,590,2.52,0.08,LOW,18,pension calculator
pension drawdown calculator gov,590,2.14,0.41,MEDIUM,20,pension calculator
income tax calculator on pension,590,2.52,0.08,LOW,18,pension calculator
income tax calculator pension,590,2.52,0.08,LOW,18,pension calculator
1995 nhs pension calculator,590,0,0,LOW,0,pension calculator
tax on pension income calculator,590,2.52,0.08,LOW,18,pension calculator
nhs 1995 pension scheme calculator,590,0,0,LOW,0,pension calculator
tax calculator pension income,590,2.52,0.08,LOW,18,pension calculator
company pension contributions calculator,590,2.36,0.09,LOW,32,pension calculator
pension contributions tax relief calculator,590,14.24,0.05,LOW,17,pension calculator
mod pension calculator,590,0,0,LOW,2,pension calculator
income tax on pension calculator,590,2.52,0.08,LOW,18,pension calculator
tax calculator on pension income,590,2.52,0.08,LOW,18,pension calculator
nhs pension scheme 1995 calculator,590,0,0,LOW,0,pension calculator
employer contribution pension calculator,590,2.36,0.09,LOW,22,pension calculator
pension age calculator uk,590,3.79,0.01,LOW,38,pension calculator
tax relief on pension contributions calculator,590,14.24,0.05,LOW,16,pension calculator
tax calculator for pension income,590,2.52,0.08,LOW,18,pension calculator
taxes on pension income calculator,590,2.52,0.08,LOW,18,pension calculator
pension calculator uk gov,590,4.09,0.12,LOW,62,pension calculator
pension calculator mod,590,0,0,LOW,2,pension calculator
income tax calculator with pension,590,2.52,0.08,LOW,18,pension calculator
take my pension at 55 calculator,590,2.04,0.48,MEDIUM,26,pension calculator
hl pension calculator,590,2.99,0.04,LOW,45,pension calculator
mse pension calculator,590,3.46,0.14,LOW,61,pension calculator
company pension contribution calculator,590,2.36,0.09,LOW,26,pension calculator
employer pension contribution calculator,590,2.36,0.09,LOW,20,pension calculator
gov.uk pension credit calculator,590,3.49,0.08,LOW,35,pension calculator
uk pension calculator gov,590,4.09,0.12,LOW,62,pension calculator
pension and salary tax calculator,590,2.52,0.08,LOW,,pension calculator
pension contribution tax relief calculator,590,14.24,0.05,LOW,16,pension calculator
employers pension contributions calculator,590,2.36,0.09,LOW,13,pension calculator
pension income tax calculator,590,2.52,0.08,LOW,25,pension calculator
pension contribution calculator hmrc,590,0,0.02,LOW,28,pension calculator
www gov uk pension credit calculator,590,3.49,0.08,LOW,35,pension calculator
pension calculator mod uk,590,0,0,LOW,1,pension calculator
pension calculator money saving expert,590,3.46,0.14,LOW,36,pension calculator
pension employer contribution calculator,590,2.36,0.09,LOW,22,pension calculator
1995 nhs pension scheme calculator,590,0,0,LOW,0,pension calculator
nhs 1995 pension calculator,590,0,0,LOW,0,pension calculator
gov uk pension credit calculator,590,3.49,0.08,LOW,35,pension calculator
my pension calculator,590,2.47,0.36,MEDIUM,48,pension calculator
nhs pension calculator 1995,590,0,0,LOW,0,pension calculator
ministry of defence pension calculator,590,0,0,LOW,0,pension calculator
pension calculator nhs 1995,590,0,0,LOW,0,pension calculator
pension contribution calculator tax relief,590,14.24,0.05,LOW,13,pension calculator
nhs pension 1995 calculator,590,0,0,LOW,0,pension calculator
money saving expert pension calculator,590,3.46,0.14,LOW,36,pension calculator
moneysavingexpert pension calculator,590,3.46,0.14,LOW,36,pension calculator
alpha pension calculator,590,2,0.02,LOW,0,pension calculator
tax relief pension contributions calculator,590,14.24,0.05,LOW,16,pension calculator
employer pension contributions calculator,590,2.36,0.09,LOW,22,pension calculator
pension contributions calculator hmrc,590,0,0.02,LOW,40,pension calculator
pension calculator hl,590,2.99,0.04,LOW,45,pension calculator
nhs pension calculator 1995 scheme,590,0,0,LOW,0,pension calculator
hmrc pension contributions calculator,590,0,0.02,LOW,28,pension calculator
pension and income tax calculator,590,2.52,0.08,LOW,25,pension calculator
pension calculator hargreaves lansdown,590,6.23,0.11,LOW,45,pension calculator
private pension calculator gov,590,2.63,0.27,LOW,32,pension calculator
hargreaves lansdown pension calculator,590,6.23,0.11,LOW,46,pension calculator
alpha pension scheme calculator,590,2,0.02,LOW,0,pension calculator
dentist private jobs,590,0.58,0.1,LOW,0,private dentist
private dentist jobs,590,0.58,0.1,LOW,0,private dentist
prices for private dentist,590,2.64,0.41,MEDIUM,0,private dentist
private dentist job,590,0.58,0.1,LOW,0,private dentist
dentist private practice,590,4.12,0.31,LOW,49,private dentist
private dentist salary uk,590,0,0,LOW,0,private dentist
dentist salary uk private,590,0,0,LOW,0,private dentist
private practice dentist,590,4.12,0.31,LOW,3,private dentist
physiotherapy for running,590,4.41,0.38,MEDIUM,0,physiotherapy
physiotherapy jobs uk,590,3.1,0.23,LOW,3,physiotherapy
dulwich physiotherapy,590,2.67,0.19,LOW,0,physiotherapy
physiotherapy course uk,590,2.41,0.64,MEDIUM,21,physiotherapy
physiotherapy job in uk,590,3.1,0.23,LOW,3,physiotherapy
physiotherapy courses in uk,590,2.41,0.64,MEDIUM,21,physiotherapy
physiotherapy jobs england,590,3.1,0.23,LOW,8,physiotherapy
synergy physiotherapy woking,590,2.29,0.06,LOW,0,physiotherapy
sports physiotherapy in london,590,5.27,0.55,MEDIUM,25,physiotherapy
physiotherapy msc pre registration,590,2.67,0.36,MEDIUM,13,physiotherapy
physiotherapy courses in the uk,590,2.41,0.64,MEDIUM,19,physiotherapy
penny porter physiotherapy,590,0,0.09,LOW,0,physiotherapy
uk physiotherapy jobs,590,3.1,0.23,LOW,0,physiotherapy
bsc in physiotherapy,590,2.01,0.23,LOW,21,physiotherapy
physiotherapy courses in england,590,2.41,0.64,MEDIUM,14,physiotherapy
physiotherapy jobs in uk,590,3.1,0.23,LOW,3,physiotherapy
physiotherapy jobs united kingdom,590,3.1,0.23,LOW,2,physiotherapy
physiotherapy jobs in the uk,590,3.1,0.23,LOW,4,physiotherapy
physiotherapy jobs northern ireland,590,3.41,0.03,LOW,0,physiotherapy
lower back pain and physiotherapy,590,3.34,0.51,MEDIUM,20,physiotherapy
physiotherapy uk courses,590,2.41,0.64,MEDIUM,19,physiotherapy
physiotherapy crosby,590,2.27,0.15,LOW,0,physiotherapy
glossop physiotherapy,590,2.41,0.27,LOW,1,physiotherapy
bsc physiotherapy,590,2.01,0.23,LOW,19,physiotherapy
msc pre registration physiotherapy,590,2.67,0.36,MEDIUM,10,physiotherapy
physiotherapy jobs in united kingdom,590,3.1,0.23,LOW,2,physiotherapy
physiotherapy course in uk,590,2.41,0.64,MEDIUM,19,physiotherapy
united kingdom physiotherapy jobs,590,3.1,0.23,LOW,2,physiotherapy
physiotherapy job description,590,4.04,0.06,LOW,6,physiotherapy
stratford physiotherapy centre east london nhs foundation trust,590,1.47,0.06,LOW,3,physiotherapy
ask physiotherapy stevenage,590,2.56,0.07,LOW,0,physiotherapy
remote physiotherapy job,590,1.73,0.08,LOW,0,physiotherapy
self-referral physiotherapy near me,590,2.15,0.27,LOW,23,physiotherapy
physiotherapy of low back pain,590,3.34,0.51,MEDIUM,39,physiotherapy
pilates and physiotherapy,590,1.65,0.19,LOW,0,physiotherapy
self referral physiotherapy near me,590,2.15,0.27,LOW,22,physiotherapy
physiotherapy job uk,590,3.1,0.23,LOW,3,physiotherapy
private physiotherapy rates,590,3.12,0.45,MEDIUM,0,physiotherapy
msc physiotherapy pre registration,590,2.67,0.36,MEDIUM,12,physiotherapy
physiotherapy uk jobs,590,3.1,0.23,LOW,3,physiotherapy
physiotherapy courses uk,590,2.41,0.64,MEDIUM,19,physiotherapy
physiotherapy wirral merseyside,590,3.41,0.21,LOW,0,physiotherapy
uk physiotherapy courses,590,2.41,0.64,MEDIUM,19,physiotherapy
physiotherapy clifton,590,3.59,0.15,LOW,2,physiotherapy
what is cbd oil good for,590,1.98,0.05,LOW,70,CBD oil
vision express hearing test,590,4.12,0.51,MEDIUM,14,hearing test
hearing test vision express,590,4.12,0.51,MEDIUM,17,hearing test
are hearing test free,590,6.43,0.64,MEDIUM,20,hearing test
mot test darlington,590,3.61,0.47,MEDIUM,0,MOT test
mot test farnham,590,5.13,0.54,MEDIUM,0,MOT test
mot test hereford,590,3.32,0.56,MEDIUM,0,MOT test
mot test wimbledon,590,5.86,0.35,MEDIUM,7,MOT test
mot test centre maidstone,590,3.16,0.45,MEDIUM,0,MOT test
what is mot test certificate,590,0.87,0.01,LOW,18,MOT test
mot test yeovil,590,2.41,0.64,MEDIUM,0,MOT test
mot test bournemouth,590,4.17,0.63,MEDIUM,0,MOT test
mot test bury st edmunds,590,3.4,0.56,MEDIUM,0,MOT test
how to book an mot test,590,3.55,0.6,MEDIUM,51,MOT test
class 5 mot test,590,2.79,0.02,LOW,6,MOT test
mot test dartford,590,3.3,0.6,MEDIUM,11,MOT test
what fails an mot test,590,0.11,0.08,LOW,5,MOT test
what to take for mot test,590,0.1,0.03,LOW,5,MOT test
mot test database,590,0.52,0.03,LOW,18,MOT test
what is class 4 mot test,590,21.61,0.01,LOW,0,MOT test
mot test grimsby,590,3.2,0.65,MEDIUM,0,MOT test
mot test st albans,590,3.71,0.59,MEDIUM,0,MOT test
mot test bicester,590,3.12,0.48,MEDIUM,0,MOT test
how much mot test cost,590,1.43,0.2,LOW,11,MOT test
how to get mot test certificate,590,1.56,0.08,LOW,18,MOT test
mot test centre deptford,590,2.21,0.24,LOW,12,MOT test
mot test belfast,590,1.76,0.09,LOW,10,MOT test
mot test centres maidstone kent,590,3.16,0.45,MEDIUM,0,MOT test
how long mot test take,590,6.37,0.01,LOW,0,MOT test
mot test records,590,3.15,0.02,LOW,31,MOT test
what to take to mot test,590,0.1,0.03,LOW,8,MOT test
mot test middlesbrough,590,3.47,0.52,MEDIUM,0,MOT test
mot test centre in deptford,590,2.21,0.24,LOW,0,MOT test
mot test barnsley,590,2.52,0.61,MEDIUM,0,MOT test
mot test wrexham,590,3.89,0.58,MEDIUM,0,MOT test
mot test dundee,590,3.94,0.63,MEDIUM,0,MOT test
mot test number,590,1.3,0.04,LOW,19,MOT test
new car first mot test,590,0.08,0.01,LOW,2,MOT test
what is a class 4 mot test,590,21.61,0.01,LOW,0,MOT test
mot test numbers,590,1.3,0.04,LOW,5,MOT test
mot test stafford,590,3.34,0.64,MEDIUM,0,MOT test
lgv mot test,590,3.46,0.03,LOW,9,MOT test
mot test preston,590,4.25,0.58,MEDIUM,8,MOT test
how to book mot test,590,3.55,0.6,MEDIUM,43,MOT test
mot test farnborough,590,3.6,0.63,MEDIUM,0,MOT test
mot test record,590,3.15,0.02,LOW,27,MOT test
hgv mot test,590,3.46,0.03,LOW,17,MOT test
deptford mot test centre,590,2.21,0.24,LOW,12,MOT test
renew parking permit,590,0,0,LOW,0,parking permit
thurrock council parking permit,590,0,0,LOW,0,parking permit
apply for residents parking permit,590,0,0,LOW,11,parking permit
how do i get a parking permit,590,0,0,LOW,12,parking permit
how to get a disabled parking permit uk,590,1.71,0.06,LOW,26,parking permit
visitor parking permit lewisham,590,0,0,LOW,1,parking permit
aberdeen city parking permit,590,0,0,LOW,0,parking permit
parking permit medway,590,0,0,LOW,0,parking permit
renew permit parking,590,0,0,LOW,0,parking permit
waltham forest visitor parking permit,590,0,0,LOW,3,parking permit
how to get a permit for parking,590,0,0,LOW,22,parking permit
thurrock parking permit,590,0,0,LOW,0,parking permit
waltham forest visitors parking permit,590,0,0,LOW,3,parking permit
visitors parking permit waltham forest,590,0,0,LOW,3,parking permit
harrow parking permit,590,0,0,LOW,5,parking permit
renewing parking permit,590,0,0,LOW,1,parking permit
aberdeen council parking permit,590,0,0,LOW,0,parking permit
apply for residential parking permit,590,0,0,LOW,12,parking permit
greenwich council parking permit,590,0,0,LOW,0,parking permit
harrow permit parking,590,0,0,LOW,0,parking permit
visitor parking permit waltham forest,590,0,0,LOW,3,parking permit
medway parking permit,590,0,0,LOW,0,parking permit
how to get parking permit,590,0,0,LOW,4,parking permit
newham council parking permit,590,0,0,LOW,0,parking permit
apply for a resident parking permit,590,0,0,LOW,0,parking permit
renewal parking permit,590,0,0,LOW,0,parking permit
parking permit milton keynes,590,0,0,LOW,0,parking permit
renew a parking permit,590,0,0,LOW,5,parking permit
bcp parking permit,590,0,0,LOW,0,parking permit
how to get permit parking,590,0,0,LOW,12,parking permit
leeds council parking permit,590,0,0,LOW,0,parking permit
luton parking permit,590,0,0,LOW,2,parking permit
parking permit tunbridge wells,590,0,0,LOW,0,parking permit
aberdeen city council parking permit,590,0,0,LOW,0,parking permit
glasgow council parking permit,590,0,0,LOW,0,parking permit
parking permit luton,590,0,0,LOW,0,parking permit
bradford council parking permit,590,0,0,LOW,18,parking permit
apply for a residents parking permit,590,0,0,LOW,1,parking permit
lewisham parking permit visitor,590,0,0,LOW,9,parking permit
lewisham visitors parking permit,590,0,0,LOW,1,parking permit
how to get a parking permit,590,0,0,LOW,7,parking permit
renewal of parking permit,590,0,0,LOW,1,parking permit
glasgow city council parking permit,590,0,0,LOW,0,parking permit
parking permit glasgow city council,590,0,0,LOW,0,parking permit
tunbridge wells parking permit,590,0,0,LOW,0,parking permit
apply resident parking permit,590,0,0,LOW,11,parking permit
warwickshire parking permit,590,0,0,LOW,0,parking permit
apply for resident parking permit,590,0,0,LOW,10,parking permit
leeds city council parking permit,590,0,0,LOW,0,parking permit
lewisham visitor parking permit,590,0,0,LOW,0,parking permit
milton keynes parking permit,590,0,0,LOW,0,parking permit
merton council parking permit,590,0,0,LOW,0,parking permit
my parking permit,590,1.49,0.01,LOW,14,parking permit
mock test for cscs card,590,0.55,0.48,MEDIUM,0,CSCS card
cscs card supervisor,590,1.99,0.61,MEDIUM,0,CSCS card
cscs card test practice,590,0.55,0.48,MEDIUM,2,CSCS card
how much does a cscs card cost,590,1.19,0.44,MEDIUM,9,CSCS card
mock test cscs card,590,0.55,0.48,MEDIUM,0,CSCS card
cscs card log in,590,0.89,0.39,MEDIUM,41,CSCS card
cscs card for supervisor,590,1.99,0.61,MEDIUM,0,CSCS card
supervisor cscs card,590,1.99,0.61,MEDIUM,0,CSCS card
cscs supervisor card,590,1.99,0.61,MEDIUM,0,CSCS card
cscs card login,590,0.89,0.39,MEDIUM,56,CSCS card
online mock test for cscs card,590,0.55,0.48,MEDIUM,0,CSCS card
cscs card how much does it cost,590,1.19,0.44,MEDIUM,0,CSCS card
how much does cscs card cost,590,1.19,0.44,MEDIUM,0,CSCS card
mock exam for cscs card,590,0.55,0.48,MEDIUM,0,CSCS card
do you need a licence to drive a forklift,590,1.91,0.04,LOW,0,forklift licence
do you need a licence to drive a forklift truck,590,1.91,0.04,LOW,0,forklift licence
do you need a driving licence to drive a forklift,590,1.91,0.04,LOW,0,forklift licence
